counter_rating,counter_subscribers,info,link,name,tags
37243,28.9,Тестирование светодиодных ламп,https://habr.com/ru/company/lamptest/,LampTest,"Гаджеты,Энергия и элементы питания,Умный дом,Производство и разработка электроники,Разработка веб-сайтов"
253562,26.9,VDS/VPS-хостинг. Скидка 10% по коду HABR,https://habr.com/ru/company/ruvds/,RUVDS.com,"Разработка веб-сайтов,JavaScript,Лайфхаки для гиков,Системное администрирование,Программирование"
32283,29.4,IT’s Tinkoff — просто о сложном,https://habr.com/ru/company/tinkoff/,TINKOFF,"JavaScript,Angular,Разработка веб-сайтов,TypeScript,Open source"
30519,29.3,Собираем безумных людей и вместе спасаем интернет,https://habr.com/ru/company/itsumma/,ITSumma,"Информационная безопасность,Open source,Серверное администрирование,Софт,Законодательство в IT"
30224,641.0,Лидер в онлайн образовании,https://habr.com/ru/company/englishdom/,Онлайн школа EnglishDom,"Изучение языков,Читальный зал,Локализация продуктов,Искусственный интеллект,Игры и игровые приставки"
36805,36.8,Конференции Олега Бунина,https://habr.com/ru/company/oleg-bunin/,Конференции Олега Бунина (Онтико),"Конференции,Управление разработкой,Программирование,Разработка веб-сайтов,Управление проектами"
31650,1.9,Сервис развития карьеры в IT,https://habr.com/ru/company/habr_career/,Хабр Карьера,"Карьера в IT-индустрии,Управление персоналом,Исследования и прогнозы в IT,Удалённая работа,Хабр"
32686,55.3,У нас живут ваши объявления,https://habr.com/ru/company/avito/,Авито,"Разработка мобильных приложений,Конференции,Разработка под Android,Управление разработкой,Go"
41727,361.0,Место силы,https://habr.com/ru/company/domclick/,ДомКлик,"Программирование,JavaScript,Разработка веб-сайтов,Python,Node.JS"
52985,48.8,Цифровые навыки от ведущих экспертов,https://habr.com/ru/company/otus/,OTUS,"Программирование,Машинное обучение,Big Data,JavaScript,Java"
49182,24.8,Ведущая многопрофильная группа ИТ-компаний в РФ,https://habr.com/ru/company/lanit/,ГК ЛАНИТ,"Конференции,Управление персоналом,Машинное обучение,Информационная безопасность,Управление проектами"
50364,3.1,Конференции для программистов и сочувствующих. 18+,https://habr.com/ru/company/jugru/,JUG Ru Group,"Конференции,Программирование,Java,.NET,Тестирование IT-систем"
73281,445.0,Школа Computer Science. Скидка 10% по коду HABR,https://habr.com/ru/company/skillfactory/,SkillFactory,"Учебный процесс в IT,Программирование,Машинное обучение,Python,Научно-популярное"
53023,90000.0,Строим Интернет,https://habr.com/ru/company/mailru/,Mail.ru Group,"Программирование,DevOps,Учебный процесс в IT,Kubernetes,Tarantool"
142704,20.5,ИТ-инфраструктура для бизнеса,https://habr.com/ru/company/selectel/,Selectel,"Компьютерное железо,Будущее здесь,Гаджеты,Софт,Научно-популярное"
28847,50.9,Tutu.ru — сервис путешествий №1 в России.,https://habr.com/ru/company/tuturu/,Туту.ру,"Транспорт,Управление проектами,Здоровье,Биотехнологии,Научно-популярное"
49758,90.6,Как мы делаем Яндекс,https://habr.com/ru/company/yandex/,Яндекс,"Машинное обучение,Разработка веб-сайтов,Алгоритмы,Интерфейсы,Python"
27874,24.1,Обеспечиваем стабильную работу highload-проектов.,https://habr.com/ru/company/southbridge/,Southbridge,"Системное администрирование,DevOps,Серверное администрирование,Kubernetes,Управление проектами"
29874,20.5,"DevOps-as-a-Service, Kubernetes, обслуживание 24×7",https://habr.com/ru/company/flant/,Флант,"Kubernetes,DevOps,Системное администрирование,Open source,Администрирование баз данных"
185447,388.0,Серверы в Москве и Амстердаме,https://habr.com/ru/company/vdsina/,VDSina.ru,"Информационная безопасность,Программирование,Серверное администрирование,Разработка веб-сайтов,Софт"
25651,421.0,Помогаем людям расти,https://habr.com/ru/company/yandex_praktikum/,Яндекс.Практикум,"Учебный процесс в IT,Карьера в IT-индустрии,Программирование,Алгоритмы,C++"
25380,171.0,Компания,https://habr.com/ru/company/ic-dv/,Информационный центр,"Информационная безопасность,Законодательство в IT"
24354,26.5,Разработка развлекательных сервисов,https://habr.com/ru/company/funcorp/,FunCorp,"Разработка мобильных приложений,Программирование,Разработка под iOS,Kotlin,Java"
25692,205.0,Разрабатываем электронику для задротов,https://habr.com/ru/company/flipperdevices/,Flipper Devices Inc.,"Производство и разработка электроники,Гаджеты,Open source,Информационная безопасность,Беспроводные технологии"
23816,15.6,Разрабатываем и издаем игры с 2009 года,https://habr.com/ru/company/pixonic/,Pixonic,"Разработка игр,Игры и игровые приставки,Дизайн игр,Unity,Программирование"
16845,9.0,Компания,https://habr.com/ru/company/orbita/,Орбита,"Работа с видео,Машинное обучение,Управление проектами"
25548,181.0,Решения для аренды и размещения ИТ-инфраструктуры,https://habr.com/ru/company/dcmiran/,Дата-центр «Миран»,"Процессоры,Компьютерное железо,Информационная безопасность,Производство и разработка электроники,Серверное администрирование"
16967,55.7,Big Dating,https://habr.com/ru/company/badoo/,Badoo,"Разработка мобильных приложений,Программирование,Разработка под Android,PHP,Kotlin"
16850,297.0,"CRM-система, программное обеспечение для бизнеса",https://habr.com/ru/company/regionsoft/,RegionSoft Developer Studio,"IT-инфраструктура,CRM-системы,Управление персоналом,Софт,Управление проектами"
16722,389.0,Russian Fashion Tech,https://habr.com/ru/company/lamoda/,Lamoda,"ERP-системы,Конференции,Карьера в IT-индустрии,Go,Микросервисы"
20018,212.0,REBRAIN: Онлайн-практикумы для Инженеров,https://habr.com/ru/company/rebrainme/,Ребреин,"DevOps,Администрирование баз данных,IT-инфраструктура,Облачные сервисы,Хранение данных"
18512,7000.0,Крупнейшее русскоязычное Data Science сообщество,https://habr.com/ru/company/ods/,Open Data Science,"Машинное обучение,Обработка изображений,Алгоритмы,Математика,Python"
18392,33.6,Для старательного нет ничего невозможного,https://habr.com/ru/company/productivity_inside/,Productivity Inside,"Разработка мобильных приложений,Разработка под iOS,Разработка под Android,Учебный процесс в IT,Карьера в IT-индустрии"
18089,19.9,Хостинг-провайдер: серверы в NL до 300 Гбит/с,https://habr.com/ru/company/ua-hosting/,ua-hosting.company,"Научно-популярное,IT-инфраструктура,Биотехнологии,Физика,Конференции"
19653,967.0,Развеиваем мифы об IT в банках,https://habr.com/ru/company/raiffeisenbank/,Райффайзенбанк,"Конференции,Usability,IT-инфраструктура,Веб-дизайн,Управление продуктом"
21631,18.1,Крупнейшая онлайн-школа Европы. Удаленная работа,https://habr.com/ru/company/skyeng/,Skyeng,"Разработка веб-сайтов,PHP,Программирование,Карьера в IT-индустрии,Управление разработкой"
21519,45.6,"Ловим вирусы, исследуем угрозы, спасаем мир",https://habr.com/ru/company/kaspersky/,«Лаборатория Касперского»,"Информационная безопасность,Старое железо,Разработка мобильных приложений,Звук,Разработка под Android"
20565,3.6,Компания,https://habr.com/ru/company/piter/,Издательский дом «Питер»,"Профессиональная литература,Программирование,Python,Машинное обучение,Java"
13826,272.0,Открытая и свободная ОС для встроенных систем,https://habr.com/ru/company/embox/,Embox,"Системное программирование,Программирование микроконтроллеров,Open source,Разработка на Raspberry Pi,Lua"
14564,181.0,Ищем match для кандидатов и компаний,https://habr.com/ru/company/gms/,gms & g-mate,"Карьера в IT-индустрии,IT-эмиграция,IT-компании,Управление персоналом,Интервью"
13983,152.0,Компания,https://habr.com/ru/company/leader-id/,Leader-ID,"Научно-популярное,Учебный процесс в IT,Машинное обучение,Искусственный интеллект,Конференции"
14870,441.0,Разработчик системы СБИС,https://habr.com/ru/company/tensor/,Тензор,"PostgreSQL,SQL,Администрирование баз данных,Высокая производительность,Программирование"
15099,32.1,Системный интегратор,https://habr.com/ru/company/jetinfosystems/,Инфосистемы Джет,"Информационная безопасность,Анализ и проектирование систем,Машинное обучение,DevOps,IT-инфраструктура"
14064,53.7,Делаем эффективные инструменты для разработчиков,https://habr.com/ru/company/JetBrains/,JetBrains,"Java,Программирование,Big Data,Scala,Управление проектами"
15184,42.7,Компания,https://habr.com/ru/company/intel/,Intel,"Компьютерное железо,Процессоры,Программирование,Машинное обучение,Настольные компьютеры"
15367,33.0,"Информационная безопасность, DevSecOps, SSDL",https://habr.com/ru/company/swordfish_security/,Swordfish Security,"Информационная безопасность,DevOps,Системное администрирование,Разработка веб-сайтов,Разработка мобильных приложений"
14931,28.2,Мировой лидер на рынке межплатформенных решений,https://habr.com/ru/company/parallels/,Parallels,"Читальный зал,Карьера в IT-индустрии,Виртуализация,Софт,IT-инфраструктура"
15147,30.5,Разработчик СУБД Postgres Pro,https://habr.com/ru/company/postgrespro/,Postgres Professional,"PostgreSQL,SQL,Ненормальное программирование"
15469,806.0,"О том, как разработчики строят IT в Dodo",https://habr.com/ru/company/dododev/,Dodo Engineering,"Программирование,Управление персоналом,Разработка мобильных приложений,IT-компании,Управление разработкой"
15437,136.0,Компания,https://habr.com/ru/company/mvideo/,М.Видео-Эльдорадо,"Читальный зал,Компьютерное железо,Игры и игровые приставки,Анализ и проектирование систем,Программирование"
15898,4.5,IT-компания,https://habr.com/ru/company/croc/,КРОК,"IT-инфраструктура,Управление проектами,Удалённая работа,Системное администрирование,Сетевые технологии"
15431,226.0,Online collaborative whiteboard platform,https://habr.com/ru/company/miro/,Miro,"Тестирование IT-систем,Управление разработкой,Тестирование веб-сервисов,Управление персоналом,PostgreSQL"
15838,62.2,Microsoft — мировой лидер в области ПО и ИТ-услуг,https://habr.com/ru/company/microsoft/,Microsoft,"Программирование,Microsoft Azure,.NET,IT-компании,C#"
13039,27.2,Компания,https://habr.com/ru/company/acronis/,Acronis,"Антивирусная защита,Информационная безопасность,Управление продуктом,Резервное копирование,Развитие стартапа"
10653,1.3,Продукты для резервного копирования информации,https://habr.com/ru/company/veeam/,Veeam Software,"Системное администрирование,Резервное копирование,Серверное администрирование,Восстановление данных,IT-инфраструктура"
10937,19.1,Виртуальная инфраструктура IaaS,https://habr.com/ru/company/it-grad/,IT-GRAD,"История IT,Старое железо,Биографии гиков,Виртуализация,IT-инфраструктура"
10713,23.4,Решения для интеллектуальной обработки информации,https://habr.com/ru/company/abbyy/,ABBYY,"Natural Language Processing,Обработка изображений,Машинное обучение,Читальный зал,Интервью"
11079,1.1,Технологический консалтинг и разработка ПО,https://habr.com/ru/company/dataart/,DataArt,"История IT,Интервью,Старое железо,Системное программирование,Научно-популярное"
11018,109.0,Не очередной язык программирования,https://habr.com/ru/company/lsfusion/,lsFusion,"Open source,ERP-системы,Программирование,Интерфейсы,Ненормальное программирование"
12002,1.5,Компания,https://habr.com/ru/company/alfa/,Альфа-Банк,"Конференции,Java,Карьера в IT-индустрии,Учебный процесс в IT,Финансы в IT"
11790,27.9,№1 в разработке цифровых решений для бизнеса,https://habr.com/ru/company/redmadrobot/,Redmadrobot,"Разработка мобильных приложений,Разработка под Android,Интервью,Конференции,IT-компании"
11920,3.1,Компания,https://habr.com/ru/company/dell_technologies/,Dell Technologies,"Системное администрирование,IT-инфраструктура,Настольные компьютеры,Ноутбуки,Серверное администрирование"
11842,25.1,Создаем и развиваем сервисы для гиков,https://habr.com/ru/company/habr/,Хабр,"Контент-маркетинг,Habr,Конференции,Хабр Карьера,Карьера в IT-индустрии"
11635,13.0,Поддержка сайтов на базе собственного дата-центра,https://habr.com/ru/company/itsoft/,Веб-студия и дата-центр ITSOFT,"Финансы в IT,Законодательство в IT,Хостинг,Развитие стартапа,IT-компании"
11205,34.5,Компания,https://habr.com/ru/company/pt/,Positive Technologies,"Информационная безопасность,Сетевые технологии,Управление разработкой,Системное программирование,Разработка под Linux"
12064,12.9,Разработчик платформы глубокого анализа трафика,https://habr.com/ru/company/vasexperts/,VAS Experts,"Разработка систем связи,IT-инфраструктура,Информационная безопасность,Исследования и прогнозы в IT,Законодательство в IT"
9595,591.0,Huawei – мировой лидер в области ИКТ,https://habr.com/ru/company/huawei/,Huawei,"Сетевое оборудование,Сетевые технологии,Разработка под Android,Разработка мобильных приложений,IT-инфраструктура"
9694,61.0,Компания,https://habr.com/ru/company/vivid_money/,Vivid Money,"Разработка мобильных приложений,Разработка под iOS,Swift,Программирование,Go"
9633,21.5,Компания,https://habr.com/ru/company/aktiv-company/,«Актив»,"Анализ и проектирование систем,Информационная безопасность,Подготовка технической документации,Криптография,Open source"
9643,22.8,Больше чем банк,https://habr.com/ru/company/sberbank/,Сбер,"Искусственный интеллект,Машинное обучение,Управление проектами,SberDevices,Natural Language Processing"
9712,63.5,Один из самых высоконагруженных проектов рунета,https://habr.com/ru/company/vk/,ВКонтакте,"Программирование,Машинное обучение,Учебный процесс в IT,ВКонтакте API,Хакатоны"
10014,381.0,Мы открываем для людей многообразие мира кино,https://habr.com/ru/company/ivi/,Онлайн-кинотеатр IVI,"Управление персоналом,Интервью,Управление разработкой,Работа с видео,1С-Битрикс"
9804,693.0,Мы делаем совместную работу проще,https://habr.com/ru/company/wrike/,Wrike,"Программирование,Управление разработкой,Управление проектами,Dart,Разработка веб-сайтов"
9844,46.3,Онлайн-университет профессий будущего,https://habr.com/ru/company/skillbox/,Skillbox,"Учебный процесс в IT,Программирование,Карьера в IT-индустрии,Лайфхаки для гиков,Управление проектами"
10079,70.0,Разработчик приложения для хранения карт «Кошелёк»,https://habr.com/ru/company/cardsmobile/,Cardsmobile,"Разработка мобильных приложений,Разработка под iOS,Программирование,Swift,Разработка под Android"
10115,21.9,Облачная IaaS-платформа собственной разработки,https://habr.com/ru/company/croccloudteam/,КРОК Облачные сервисы,"IT-инфраструктура,Хранение данных,Облачные сервисы,Виртуализация,Хостинг"
10147,1.3,Компания,https://habr.com/ru/company/JetBrains-education/,Образовательные проекты JetBrains,"Учебный процесс в IT,Математика,Алгоритмы,Программирование,Машинное обучение"
10135,28.2,Приближаем сингулярность за ваши деньги,https://habr.com/ru/company/madrobots/,Madrobots,"Гаджеты,Будущее здесь,Здоровье,Научно-популярное,Мозг"
8165,35.4,Облачная платформа голосовой и видеотелефонии,https://habr.com/ru/company/Voximplant/,Voximplant,"Машинное обучение,Искусственный интеллект,Программирование,JavaScript,Будущее здесь"
9492,18.5,Виртуальные и выделенные серверы в ДЦ в Москве,https://habr.com/ru/company/first/,FirstVDS / FirstDEDIC,"Хостинг,Компьютерное железо,Процессоры,Информационная безопасность,Программирование"
9666,13.2,Компания,https://habr.com/ru/company/ru_mts/,МТС,"Машинное обучение,Big Data,Анализ и проектирование систем,Искусственный интеллект,Разработка для интернета вещей"
8068,43.0,Системный интегратор и разработчик ПО,https://habr.com/ru/company/crosstech/,Cross Technologies,"Разработка под Linux,Информационная безопасность,Программирование,C++,Платежные системы"
8239,254.0,Лидер в разработке современных ИТ-решений на заказ,https://habr.com/ru/company/simbirsoft/,SimbirSoft,"Карьера в IT-индустрии,Программирование,Управление разработкой,Разработка мобильных приложений,Тестирование IT-систем"
8122,972.0,"Локализуем на 70 языков, делаем видеоролики для IT",https://habr.com/ru/company/alconost/,Alconost,"Разработка игр,Локализация продуктов,Продвижение игр,Управление продуктом,Работа с видео"
8424,123.0,Компания,https://habr.com/ru/company/semrush/,Semrush,"Тестирование IT-систем,DevOps,Разработка веб-сайтов,Open source,JavaScript"
8343,502.0,Компания,https://habr.com/ru/company/nix/,NIX,"Программирование,Читальный зал,Инженерные системы,Разработка мобильных приложений,Облачные вычисления"
8548,95.0,Сlassified 2.0,https://habr.com/ru/company/youla/,Юла,"Разработка под iOS,Разработка мобильных приложений,Программирование,Интерфейсы,Алгоритмы"
8805,26.7,Первый российский реактивный ранец,https://habr.com/ru/company/jethackers/,Jet Hackers,"Научно-популярное,Транспорт,DIY или Сделай сам,Будущее здесь,Развитие стартапа"
8560,115.0,"Mars IT, Mars Digital, Mars Ступино",https://habr.com/ru/company/marsis/,Mars,"IT-инфраструктура,Карьера в IT-индустрии,IT-компании,ERP-системы,Управление проектами"
8597,922.0,Всё о разработке сервисов онлайн-платежей,https://habr.com/ru/company/yoomoney/,ЮMoney,"Платежные системы,Финансы в IT,Разработка мобильных приложений,IT-компании,Разработка под Android"
7127,111.0,Компания,https://habr.com/ru/company/trendmicro/,Trend Micro,"Информационная безопасность,Исследования и прогнозы в IT,Антивирусная защита,Автомобильные гаджеты,Транспорт"
8778,14.8,Компания,https://habr.com/ru/company/megafon/,МегаФон,"IT-компании,Разработка систем связи,Big Data,CRM-системы,Сетевые технологии"
7191,28.7,Cisco – мировой лидер в области сетевых технологий,https://habr.com/ru/company/cisco/,Cisco,"Информационная безопасность,IT-инфраструктура,Сетевые технологии,Cisco,Системное администрирование"
9133,51.4,Главные по городской навигации,https://habr.com/ru/company/2gis/,2ГИС,"JavaScript,Разработка игр,ReactJS,Data Mining,Алгоритмы"
7377,13.6,Территория возможностей,https://habr.com/ru/company/rostelecom/,Ростелеком,"IT-инфраструктура,Работа с видео,Open source,Законодательство в IT,Хакатоны"
7414,157.0,Производитель сетевых устройств для бизнеса,https://habr.com/ru/company/zyxel/,ZYXEL в России,"Сетевые технологии,Сетевое оборудование,Системное администрирование,Беспроводные технологии,Облачные сервисы"
7492,20.2,think. create. accelerate.,https://habr.com/ru/company/luxoft/,Luxoft,"JavaScript,Java,Тестирование IT-систем,Графический дизайн,Тестирование веб-сервисов"
7216,43.5,Разработчик мобильных и браузерных игр,https://habr.com/ru/company/plarium/,Plarium,"Программирование,Разработка игр,Лайфхаки для гиков,Python,Учебный процесс в IT"
7537,16.0,"IT security, hosting and virtual environment",https://habr.com/ru/company/crowdsec/,CrowdSec,"Информационная безопасность,Сетевые технологии,Системное администрирование,Настройка Linux,Разработка под Linux"
7506,72.0,Компания,https://habr.com/ru/company/glowbyte/,GlowByte,"Машинное обучение,Big Data,Анализ и проектирование систем,IT-инфраструктура,Хранилища данных"
7521,138.0,Компания,https://habr.com/ru/company/hsespb/,Питерская Вышка,"Учебный процесс в IT,C++,Программирование,Машинное обучение,Визуализация данных"
7362,173.0,Компания,https://habr.com/ru/company/infowatch/,InfoWatch,"Информационная безопасность,IT-компании,Тестирование IT-систем,Настройка Linux,Oracle"
7652,1.9,Компания,https://habr.com/ru/company/asus/,ASUS,"Компьютерное железо,Ноутбуки,Высокая производительность,Процессоры,Настольные компьютеры"
7664,14.0,Компания,https://habr.com/ru/company/gagar_in/,GAGAR>IN,"Компьютерное железо,Системное администрирование,Серверная оптимизация,Серверное администрирование"
7579,688.0,Компания,https://habr.com/ru/company/drweb/,Доктор Веб,"Информационная безопасность,Антивирусная защита,Реверс-инжиниринг,Облачные вычисления,Спам и антиспам"
6156,25.0,Компания-разработчик российской BI-платформы,https://habr.com/ru/company/visiology/,Visiology,"Визуализация данных,Высокая производительность,Развитие стартапа,IT-компании,Администрирование баз данных"
6172,225.0,"Бесплатная облачная АТС, виртуальные номера, CRM",https://habr.com/ru/company/zadarma/,Zadarma,"Облачные сервисы,CRM-системы,Разработка систем связи,API,Управление продажами"
6126,119.0,Компания,https://habr.com/ru/company/epson/,Epson,"Периферия,Видеотехника,Мониторы и ТВ,AR и VR"
6197,26.0,Компания,https://habr.com/ru/company/severstal/,Северсталь,"IT-инфраструктура,Сетевые технологии,Беспроводные технологии,Интернет вещей,Java"
6204,204.0,Мобильные приложения и цифровая трансформация,https://habr.com/ru/company/surfstudio/,Surf,"Разработка мобильных приложений,Flutter,Dart,Программирование,Разработка под iOS"
7706,498.0,Компания,https://habr.com/ru/company/dbtc/,Технологический Центр Дойче Банка,"Финансы в IT,Научно-популярное,Платежные системы,Java,Высокая производительность"
6364,20.3,Компания,https://habr.com/ru/company/okko/,Okko,"Тестирование IT-систем,Управление сообществом,Социальные сети и сообщества"
6293,251.0,Все о цифровой трансформации ритейла,https://habr.com/ru/company/X5RetailGroup/,X5 Retail Group,"IT-инфраструктура,Big Data,IT-компании,Тестирование IT-систем,Карьера в IT-индустрии"
6435,361.0,Повышаем качество клиентских данных для бизнеса,https://habr.com/ru/company/hflabs/,HFLabs,"Управление проектами,Управление персоналом,IT-компании,Открытые данные,Разработка под e-commerce"
6433,635.0,Лидер рынка корпоративных приложений,https://habr.com/ru/company/sap/,SAP,"Машинное обучение,Облачные сервисы,IT-инфраструктура,Обработка изображений,Хранилища данных"
6393,111.0,Будущее мессенджер-маркетинга,https://habr.com/ru/company/manychat/,ManyChat,"Программирование,PHP,Конференции Олега Бунина (Онтико),Управление продуктом,Управление разработкой"
6734,24.0,Онлайн-школы и образовательные сервисы,https://habr.com/ru/company/action360/,Актион 360,"Учебный процесс в IT,Управление персоналом,Мозг,Лайфхаки для гиков,GTD"
6499,184.0,"Заказная разработка, IT-консалтинг",https://habr.com/ru/company/arcadia/,Аркадия,"Программирование,.NET,C#,Дизайн,DevOps"
6511,52.0,Компания,https://habr.com/ru/company/gaijin/,Gaijin Entertainment,"Разработка игр,Работа с 3D-графикой"
5636,34.0,Делаем процесс создания сайтов и приложений проще,https://habr.com/ru/company/quarkly/,Quarkly,"JavaScript,ReactJS,Программирование,Учебный процесс в IT,Карьера в IT-индустрии"
5733,220.0,Удаленная работа для IT-специалистов,https://habr.com/ru/company/freelansim/,Хабр Фриланс,
5607,17.3,Компания,https://habr.com/ru/company/productsense/,ProductSense,"Мозг,Карьера в IT-индустрии,Здоровье,IT-эмиграция,IT-компании"
6447,119.0,Цифровизация процессов и документов,https://habr.com/ru/company/directum/,Directum,"Программирование микроконтроллеров,Конференции,Разработка систем связи,Микросервисы,Интерфейсы"
5633,60.0,Компания,https://habr.com/ru/company/linxdatacenter/,Linxdatacenter,"IT-инфраструктура,Инженерные системы,Облачные сервисы,Управление проектами,Виртуализация"
5776,359.0,"InterSystems IRIS: СУБД, ESB, BI, Healthcare",https://habr.com/ru/company/intersystems/,InterSystems,"Data Engineering,Python,Администрирование баз данных,Машинное обучение,DevOps"
6588,20.4,Компания,https://habr.com/ru/company/sibur_official/,Цифровой СИБУР,"Интернет вещей,Big Data,Разработка для интернета вещей,Беспроводные технологии,IT-стандарты"
5604,138.0,Компания,https://habr.com/ru/company/custis/,CUSTIS,"Oracle,.NET,SQL,C#,Angular"
5807,433.0,Номер один в России по материаловедению,https://habr.com/ru/company/misis/,НИТУ «МИСиС»,"Химия,Научно-популярное,Физика,Биотехнологии,Экология"
5797,113.0,We love IT,https://habr.com/ru/company/deutschetelekomitsolutions/,Deutsche Telekom IT Solutions (ex T-Systems),"Управление персоналом,DIY или Сделай сам,DevOps,Учебный процесс в IT,Машинное обучение"
5818,101.0,Разрабатываем облачный сервис управления торговлей,https://habr.com/ru/company/moysklad/,МойСклад,"Анализ и проектирование систем,Развитие стартапа,Облачные сервисы,Бизнес-модели,Подготовка технической документации"
5860,100.0,Компания,https://habr.com/ru/company/bashnipineft/,РН-БашНИПИнефть,"Карьера в IT-индустрии,Математика,Научно-популярное,Физика,Программирование"
5893,18.0,Российская мобильная доверенная ОС Аврора,https://habr.com/ru/company/omprussia/,Открытая мобильная платформа,"Информационная безопасность,Open source,Системное администрирование,Системное программирование"
4734,41.0,"E-commerce, продажи строительного инструмента",https://habr.com/ru/company/vseinstrumenti/,ВсеИнструменты.ру,"Управление продуктом,Управление персоналом,Карьера в IT-индустрии,Управление разработкой,Управление проектами"
5918,135.0,Лидирующий разработчик решений для хранения данных,https://habr.com/ru/company/seagate/,Seagate,"Хранение данных,Накопители,Хранилища данных,Работа с видео,Исследования и прогнозы в IT"
5837,27.7,"IaaS, VPS, VDS, Частное и публичное облако, SSL",https://habr.com/ru/company/1cloud/,1cloud.ru,"Информационная безопасность,IT-инфраструктура,Законодательство в IT,Серверное администрирование,Системное администрирование"
5810,690.0,Компания,https://habr.com/ru/company/group-ib/,Group-IB,"Информационная безопасность,Исследования и прогнозы в IT,Реверс-инжиниринг,IT-инфраструктура,IT-компании"
4733,110.0,Компания,https://habr.com/ru/company/acribia/,Акрибия,"Информационная безопасность,OWASP,Разработка веб-сайтов,Node.JS"
4984,30.0,Создаем решения для государства и бизнеса,https://habr.com/ru/company/ppr/,Программный Продукт,"Информационная безопасность,IT-компании,Java,Антивирусная защита,Проектирование и рефакторинг"
4814,922.0,Компания,https://habr.com/ru/company/rambler_group/,Rambler Group,"Разработка под iOS,Разработка веб-сайтов,Python,Rust,Разработка мобильных приложений"
4868,64.0,Крупнейший EdTech в школьном образовании,https://habr.com/ru/company/uchi_ru/,Учи.ру,"IT-инфраструктура,DevOps,Облачные сервисы,Usability,Учебный процесс в IT"
4848,119.0,Разработчик ПО для контейнерной виртуализации,https://habr.com/ru/company/virtuozzo/,Virtuozzo,"Open source,Разработка под Linux"
4875,648.0,Компания,https://habr.com/ru/company/mipt/,Московский физико-технический институт (МФТИ),"Машинное обучение,Искусственный интеллект,Natural Language Processing,Спортивное программирование,Программирование"
5008,322.0,Платформа для работы с документами и коммуникаций,https://habr.com/ru/company/ncloudtech/,МойОфис,"Софт,IT-компании,Программирование,IT-инфраструктура,Информационная безопасность"
4917,250.0,Приближаем цифровое будущее,https://habr.com/ru/company/naumen/,NAUMEN,"IT-компании,Scala,Функциональное программирование,Геоинформационные сервисы,Визуализация данных"
5066,2.8,Компания,https://habr.com/ru/company/hpe/,Hewlett Packard Enterprise,"Хранение данных,Восстановление данных,Администрирование баз данных,Резервное копирование,Хранилища данных"
5152,23.0,Компания,https://habr.com/ru/company/space307/,Space307,"Высокая производительность,Программирование,Конференции Олега Бунина (Онтико),Go"
5032,1.2,Умные технологии для всех,https://habr.com/ru/company/lenovo/,Lenovo,"Серверное администрирование,Серверная оптимизация,Виртуализация,Ноутбуки,Хранение данных"
5195,13.0,Люди — наша главная ценность.,https://habr.com/ru/company/wheely/,Wheely,"Big Data,Data Engineering,Анализ и проектирование систем,Визуализация данных,Администрирование баз данных"
4267,1.5,Лазерная коррекция ReLEx SMILE и не только…,https://habr.com/ru/company/klinika_shilovoy/,Клиника офтальмологии доктора Шиловой,"Здоровье,Биотехнологии,Лазеры,Физика"
4195,364.0,Discover. Design. Develop.,https://habr.com/ru/company/yadro/,YADRO,"Системное администрирование,SAN,Хранение данных,Хранилища данных"
4307,418.0,Компания,https://habr.com/ru/company/npoechelon/,Эшелон,"Программирование,Управление разработкой,Управление проектами,Информационная безопасность"
4306,336.0,Компания,https://habr.com/ru/company/vtb/,ВТБ,"Финансы в IT,Разработка мобильных приложений,Машинное обучение,IT-компании,Разработка под iOS"
4315,280.0,Делаем ИИ-системы управления наземным транспортом,https://habr.com/ru/company/cognitivepilot/,Cognitive Pilot,"Обработка изображений,Робототехника,Управление проектами,Транспорт,Производство и разработка электроники"
4315,145.0,Город высоких технологий и IT,https://habr.com/ru/company/innopolis/,Город Иннополис,"Робототехника,Научно-популярное,Разработка робототехники,Мультикоптеры,Конференции"
4414,122.0,Быстрые релизы. Качественный код. Меньше проблем.,https://habr.com/ru/company/gitlab/,GitLab,"DevOps,Open source,Git,IT-инфраструктура,Системы управления версиями"
4428,123.0,Российский интегратор ITSM решений,https://habr.com/ru/company/it-guild/,ИТ Гильдия,"Help Desk Software,Service Desk,IT-инфраструктура,Системное администрирование,Управление проектами"
4524,18.0,Global ecosystem,https://habr.com/ru/company/admitad_gmbh/,Admitad,"Python,Программирование,Учебный процесс в IT,Карьера в IT-индустрии,DIY или Сделай сам"
4502,1.5,Интерактивные онлайн-курсы,https://habr.com/ru/company/htmlacademy/,HTML Academy,"Веб-дизайн,Разработка веб-сайтов,HTML,Карьера в IT-индустрии"
4203,90.0,"Финтех-компания, признанный лидер индустрии",https://habr.com/ru/company/exness/,Exness,"Управление персоналом,Управление проектами,Программирование,DevOps,Управление разработкой"
4476,46.0,Accenture Russia,https://habr.com/ru/company/accenture/,Accenture,"Облачные сервисы,Python,Microsoft Azure,Управление персоналом,Agile"
4408,321.0,Компания,https://habr.com/ru/company/billing/,Nexign,"Конференции,Карьера в IT-индустрии,Учебный процесс в IT,Java"
4560,631.0,Системный интегратор,https://habr.com/ru/company/tssolution/,TS Solution,"Информационная безопасность,Сетевые технологии,Системное администрирование,IT-инфраструктура,Сетевое оборудование"
3793,13.0,Parimatch Tech. Developing. Exciting.,https://habr.com/ru/company/parimatch_tech/,Parimatch Tech,"Open source,Node.JS,GitHub,Управление персоналом,Карьера в IT-индустрии"
4540,125.0,Цифровое рабочее место Zextras на базе Zimbra OSE,https://habr.com/ru/company/zimbra/,Zextras,"Системное администрирование,Сетевые технологии,Информационная безопасность,Облачные сервисы,Резервное копирование"
3788,179.0,Сервис вопросов и ответов для IT специалистов,https://habr.com/ru/company/toster/,Хабр Q&A,
3787,52.0,Компания,https://habr.com/ru/company/dentsuRU/,dentsu russia,"Медийная реклама,Big Data,Машинное обучение,Социальные сети и сообщества,Python"
4313,265.0,Компания,https://habr.com/ru/company/digdes/,Digital Design,"IT-компании,Open source,Управление персоналом,.NET,Карьера в IT-индустрии"
3959,19.0,Сокращаем time to value для Разработки и SRE,https://habr.com/ru/company/proto/,Proto,"Системное администрирование,DevOps,Микросервисы,Kubernetes,Разработка веб-сайтов"
3914,227.0,"Обработка изображений, распознавание в видеопотоке",https://habr.com/ru/company/smartengines/,Smart Engines,"Обработка изображений,Искусственный интеллект,Машинное обучение,Алгоритмы,Информационная безопасность"
3937,450.0,"Крупнейшая Биржа России, СНГ и Восточной Европы",https://habr.com/ru/company/moex/,Московская Биржа,
3911,465.0,Защита цифровых прав,https://habr.com/ru/company/roskomsvoboda/,РосКомСвобода,"Законодательство в IT,Развитие стартапа,Хакатоны,Информационная безопасность,Исследования и прогнозы в IT"
3949,162.0,Защита от внутренних угроз и комплексных кибератак,https://habr.com/ru/company/varonis/,Varonis Systems,"Информационная безопасность,Системное администрирование,PowerShell,IT-инфраструктура,Антивирусная защита"
3824,178.0,IBS – технологический партнер лидеров экономики,https://habr.com/ru/company/ibs/,IBS,"Системное администрирование,IT-инфраструктура,Виртуализация,Интерфейсы,Геоинформационные сервисы"
3962,122.0,"Исследуем, разрабатываем, защищаем",https://habr.com/ru/company/ntc-vulkan/,НТЦ Вулкан,"Производство и разработка электроники,Информационная безопасность,Программирование микроконтроллеров,TDD,Электроника для начинающих"
3942,171.0,STSS — отечественный производитель и интегратор,https://habr.com/ru/company/stss/,STSS,"Конференции,Видеоконференцсвязь,Тестирование IT-систем,Учебный процесс в IT,Работа с видео"
3995,149.0,Компания,https://habr.com/ru/company/pm/,Перспективный мониторинг,"Информационная безопасность,CTF"
4099,87.0,Open Web Application Security Project,https://habr.com/ru/company/owasp/,OWASP,"Информационная безопасность,Акрибия"
4096,475.0,Computer Vision and Machine Learning,https://habr.com/ru/company/recognitor/,Recognitor,"Машинное обучение,Обработка изображений,Искусственный интеллект,Робототехника,Python"
4097,142.0,Компания,https://habr.com/ru/company/nerepetitor/,Нерепетитор.ру,"Математика,Машинное обучение,Физика,Занимательные задачки,Статистика в IT"
4118,229.0,Компания,https://habr.com/ru/company/bizone/,BI.ZONE,"Информационная безопасность,CTF,Реверс-инжиниринг,Схемотехника,Производство и разработка электроники"
3464,143.0,Компания,https://habr.com/ru/company/posttech/,Почтатех,"IT-инфраструктура,IT-компании,API,Офисы IT-компаний,Законодательство в IT"
3436,185.0,Retention Management Platform,https://habr.com/ru/company/retailrocket/,Retail Rocket,"Совершенный код,Проектирование и рефакторинг,ООП,UML Design,Программирование"
4018,178.0,Компания,https://habr.com/ru/company/gridgain/,GridGain,"Распределённые системы,Алгоритмы"
4133,132.0,Компания,https://habr.com/ru/company/antiplagiat/,«Антиплагиат»,"Карьера в IT-индустрии,Natural Language Processing,Машинное обучение,Математика,Учебный процесс в IT"
3443,61.0,Международный мобильный маркетплейс,https://habr.com/ru/company/joom/,Joom,"Программирование,Open source,Разработка под iOS,Разработка мобильных приложений,Swift"
3434,3.0,Компания,https://habr.com/ru/company/wallarm/,Валарм,"Информационная безопасность,Разработка веб-сайтов,JavaScript"
4066,58.0,Компания,https://habr.com/ru/company/rosbank/,Росбанк,"Тестирование IT-систем,Agile,Java,Финансы в IT,Управление разработкой"
3546,197.0,Мы разрабатываем «Медузу»,https://habr.com/ru/company/meduza/,Meduza: dev,"Разработка мобильных приложений,Разработка под iOS,Разработка под Android,Flutter,Тестирование мобильных приложений"
3543,49.0,Компания,https://habr.com/ru/company/etmc_exponenta/,ЦИТМ Экспонента,"Matlab,C,Алгоритмы,Инженерные системы,Программирование"
3552,471.0,"серверы HP, Dell и Lenovo: новые и восстановленные",https://habr.com/ru/company/pc-administrator/,Сервер Молл,"Информационная безопасность,Системное администрирование"
3600,108.0,Компания,https://habr.com/ru/company/cian/,Циан,"Микросервисы,Программирование,Разработка веб-сайтов,Управление разработкой,Usability"
3559,136.0,Разработка и внедрение технологий разговорного AI,https://habr.com/ru/company/just_ai/,Just AI,"Голосовые интерфейсы,Kotlin,Разработка под Android,Разработка игр,Хакатоны"
3619,191.0,RBK.money – современная платежная платформа,https://habr.com/ru/company/rbkmoney/,RBK.money,"Платежные системы,Open source,Java,Erlang/OTP,Информационная безопасность"
3618,94.0,Компания,https://habr.com/ru/company/nspk/,Мир Plat.Form (НСПК),"Платежные системы,IT-компании,IT-инфраструктура,Системное администрирование,Программирование"
3466,98.0,Компания,https://habr.com/ru/company/singularis/,Singularis,Алгоритмы
2902,324.0,Компания,https://habr.com/ru/company/cbs/,CBS,
2956,45.0,Компания,https://habr.com/ru/company/bringo/,Bringo Group Ltd,
3186,469.0,Компания,https://habr.com/ru/company/comptek/,CompTek,
2868,42.0,Компания,https://habr.com/ru/company/productstar/,ProductStar,"Управление продуктом,Аналитика мобильных приложений,Интервью,Управление проектами,Big Data"
3060,43.0,Ride-hailing app based on peer-to-peer model,https://habr.com/ru/company/indriver/,inDriver,"Разработка под Android,Разработка мобильных приложений,Управление персоналом,Удалённая работа,Maps API"
3131,26.0,Компания,https://habr.com/ru/company/niisokb/,НИИ СОКБ,"IT-инфраструктура,Информационная безопасность,IT-стандарты,IT-компании,Управление персоналом"
3163,45.0,Компания,https://habr.com/ru/company/bcs_company/,BCS FinTech,"Управление проектами,Управление разработкой,Разработка под iOS,Развитие стартапа,Тестирование IT-систем"
3003,68.0,AERODISK — российский производитель СХД.,https://habr.com/ru/company/aerodisk/,AERODISK,"Системное администрирование,IT-инфраструктура,Хранение данных,Хранилища данных"
3112,59.0,Компания,https://habr.com/ru/company/gazpromneft/,Газпромнефть,"Развитие стартапа,Виртуализация,Транспорт,Big Data,Машинное обучение"
3178,32.0,Компания,https://habr.com/ru/company/rdtex/,РДТЕХ (Разумные Деловые Технологии),"Oracle,Учебный процесс в IT,Облачные сервисы,История IT,Big Data"
3223,37.0,Компания,https://habr.com/ru/company/alfastrah/,АльфаСтрахование,
3297,6.0,Компания,https://habr.com/ru/company/rdv-it/,RDV,"Развитие стартапа,История IT,Софт,1С"
3281,53.0,"Исследование IT-брендов от Хабра, ЭКОПСИ и ОНТИКО",https://habr.com/ru/company/itbrand/,IT-бренд работодателя,"Управление персоналом,Карьера в IT-индустрии,Статистика в IT,Научно-популярное,Удалённая работа"
3217,330.0,Обучение в области работы с данными с 2015 г.,https://habr.com/ru/company/newprolab/,New Professions Lab,"Интервью,Обработка изображений,Машинное обучение,Scala,Apache"
2491,131.0,"Больше, чем обычные технологии. Больше, чем бизнес",https://habr.com/ru/company/toshibarus/,Toshiba,"Научно-популярное,Будущее здесь,Энергия и элементы питания,Искусственный интеллект,Экология"
2509,26.0,Разработка и техподдержка онлайн-проектов,https://habr.com/ru/company/lenvendo/,Lenvendo,"Системное администрирование,Виртуализация,Сетевые технологии"
2447,333.0,Компания,https://habr.com/ru/company/toster_conf/,.тостер.conf,
2471,77.0,Универсальный ИТ-интегратор,https://habr.com/ru/company/inline_tech/,INLINE Technologies,
2335,58.0,Надежные решения для безопасности бизнеса,https://habr.com/ru/company/gaz-is/,Газинформсервис,"Информационная безопасность,Криптография,Компьютерное железо,Настольные компьютеры,UEFI"
2532,18.0,Uma.Tech создает IT-инновации для медиабизнеса.,https://habr.com/ru/company/umatech/,Uma.Tech,"Тестирование IT-систем,Программирование,JavaScript,Scala,Swift"
2490,122.0,Инструменты для РРС и SMM,https://habr.com/ru/company/click/,Click.ru,"Интернет-маркетинг,Контекстная реклама,Повышение конверсии,Контент-маркетинг,Медийная реклама"
2606,33.0,Компания,https://habr.com/ru/company/protei/,НТЦ ПРОТЕЙ,"C++,Интерфейсы,Тестирование IT-систем,Java,Тестирование веб-сервисов"
2588,223.0,Визуальная среда Arduino и ESP8266,https://habr.com/ru/company/flprog/,FLProg,
2611,29.0,Компания,https://habr.com/ru/company/fortiservice/,FORTISERVICE,"Информационная безопасность,Системное администрирование,Сетевые технологии,Сетевое оборудование"
2626,155.0,Компания,https://habr.com/ru/company/bmstu/,МГТУ им. Н.Э. Баумана,"Гаджеты,Инженерные системы,Программирование,Учебный процесс в IT,Автомобильные гаджеты"
2547,60.0,Дистрибьюторская платформа для облачных сервисов,https://habr.com/ru/company/odin_ingram_micro/,Ingram Micro Cloud,"VueJS,JavaScript,Open source,DevOps,TypeScript"
3247,39.0,Комплексные решения для защиты и ускорения сайтов,https://habr.com/ru/company/ddosguard/,DDoS-Guard,"Информационная безопасность,Сетевые технологии,Высокая производительность,Децентрализованные сети,Клиентская оптимизация"
2642,267.0,Открытое государство и открытые данные,https://habr.com/ru/company/infoculture/,«Информационная культура»,
2512,11.0,Автоматизируем любые задачи для бизнеса,https://habr.com/ru/company/automacon/,Автомакон,"IT-инфраструктура,Разработка под e-commerce,Мессенджеры,1С-Битрикс,Управление e-commerce"
2464,55.0,"Рассказываем про Managed IT, облака и ИБ.",https://habr.com/ru/company/itglobalcom/,ITGLOBAL.COM,"Информационная безопасность,IT-компании,IT-инфраструктура,Облачные вычисления,Системное администрирование"
1909,13.0,Обучение по программам магистратуры и аспирантуры,https://habr.com/ru/company/eusp/,Европейский университет в Санкт-Петербурге,"Открытые данные,Визуализация данных,Статистика в IT,Научно-популярное"
1931,25.0,Компания,https://habr.com/ru/company/datana/,Datana,"Машинное обучение,IT-компании,Big Data,Data Mining,Карьера в IT-индустрии"
1832,40.0,Дистрибутор и интегратор встраиваемых технологий,https://habr.com/ru/company/quarta/,Кварта Технологии,"Интернет вещей,Microsoft Azure,Разработка для интернета вещей,Софт,Системное администрирование"
1946,73.0,"Пожалуй, лучший облачный хостинг в России",https://habr.com/ru/company/netangels/,NetAngels,
1931,25.0,Разработчик мобильных игр,https://habr.com/ru/company/socialquantum/,Social Quantum,"Разработка игр,Unreal Engine"
1915,37.0,Системный интегратор CTI,https://habr.com/ru/company/cti/,CTI — Communications. Technology. Innovations,"IT-инфраструктура,Системное администрирование,Виртуализация,Клиентская оптимизация,CRM-системы"
1940,99.0,Производство роботов для сбора мячей для гольфа,https://habr.com/ru/company/robogazon/,Golf Robotics,"Разработка под Arduino,Разработка робототехники,DIY или Сделай сам,Робототехника,Разработка на Raspberry Pi"
2096,26.0,Компания,https://habr.com/ru/company/token2/,Token2.com,Информационная безопасность
2260,325.0,Правовое сопровождение ИТ-проектов,https://habr.com/ru/company/it-lex/,АйТи-Лекс,
2191,16.0,Компания,https://habr.com/ru/company/factory5/,Factory5,"Машинное обучение,Big Data,Тестирование веб-сервисов,Искусственный интеллект,Управление проектами"
2185,91.0,Платформа подписки на Push-уведомления,https://habr.com/ru/company/pushall/,PushAll,
2052,10.0,Компания,https://habr.com/ru/company/vsrobotics/,VS Robotics,"PostgreSQL,DevOps"
2272,26.0,Компания,https://habr.com/ru/company/linka/,LINKa,"Open source,.NET,Разработка под Windows,Компьютерное железо"
2225,34.0,Компания,https://habr.com/ru/company/reksoft/,Reksoft,"Статистика в IT,Информационная безопасность,Программирование,Карьера в IT-индустрии,Исследования и прогнозы в IT"
2274,40.0,Компания,https://habr.com/ru/company/ntechlab/,NtechLab,"Обработка изображений,Машинное обучение"
548,15.0,Компания,https://habr.com/ru/company/sde-team/,XDE Team,
516,7.0,digital professional development platform,https://habr.com/ru/company/2035_university/,Университет 20.35,
2251,11.0,Доверенная среда финасового рынка,https://habr.com/ru/company/nsd/,Национальный расчетный депозитарий,"Управление разработкой,IT-инфраструктура,Софт,Python,Программирование"
684,19.0,"R&D, FinTech, Decentralized, Cloud, devOps",https://habr.com/ru/company/obitel/,Obitel Studio | Обитель созидательных воздействий,
1530,4.5,Компания,https://habr.com/ru/company/apple/,Apple,
553,7.0,Персональные и Бизнес Email Сервисы,https://habr.com/ru/company/etlgr/,Etlgr Business Email Services (LLC),
959,7.0,Компания,https://habr.com/ru/company/gazprombank/,Газпромбанк,"Финансы в IT,Информационная безопасность,Исследования и прогнозы в IT,Big Data,Data Engineering"
1216,9.0,Компания,https://habr.com/ru/company/amnezia/,Amnezia VPN,Информационная безопасность
1420,11.0,Компания,https://habr.com/ru/company/macmonitor/,Network MACMonitor,
1182,5.0,Компания,https://habr.com/ru/company/pik-broker/,Пик-Брокер,
1680,26.0,Комплексные юридические услуги IT и онлайн бизнесу,https://habr.com/ru/company/icon_partners/,Icon Partners,"Информационная безопасность,Управление проектами,Управление продуктом,Развитие стартапа,Законодательство в IT"
1555,17.0,Компания,https://habr.com/ru/company/moneypipe/,Moneypipe: HD Bitcoin-кошелёк,"Финансы в IT,Криптовалюты,Законодательство в IT"
1600,23.0,Компания,https://habr.com/ru/company/dsol/,НПП «Цифровые решения»,"Информационная безопасность,IT-инфраструктура,Сетевые технологии,Сетевое оборудование,Хранение данных"
1600,23.0,Компания,https://habr.com/ru/company/dashamail/,DashaMail. Про email-маркетинг и не только,"Интернет-маркетинг,Email-маркетинг,Спам и антиспам,Верстка писем"
1550,17.0,Новые технологии в реабилитации,https://habr.com/ru/company/russian_rehab_industry/,Реабилитационная индустрия России,"Научно-популярное,Гаджеты,Биотехнологии,Медгаджеты,Accessibility"
1543,19.0,Atos – технологический лидер серверного рынка,https://habr.com/ru/company/atosservers/,Atos,
69,2.0,Компания,https://habr.com/ru/company/sciencely/,Умная Москва (Sciencely),
69,2.0,Компания,https://habr.com/ru/company/hays/,Hays,
0,1.0,Компания,https://habr.com/ru/company/gai_company/,Gai.Company,
1733,24.0,Региональная Интернет-Регистратура,https://habr.com/ru/company/ripencc/,RIPE NCC,"Сетевые технологии,IPv6,Финансы в IT,Исследования и прогнозы в IT,DNS"
195,7.0,IT-рекрутмент в действии,https://habr.com/ru/company/rekadro/,Рекадро,
1700,28.0,Компания,https://habr.com/ru/company/itmai/,IT-центр МАИ,"Искусственный интеллект,Работа с 3D-графикой,Python,Unity,Алгоритмы"
208,8.0,Компания,https://habr.com/ru/company/teamkey/,TeamKey,
414,7.0,Компания,https://habr.com/ru/company/verter/,verter.online,
277,4.0,"High assurance, Functional programming, consulting",https://habr.com/ru/company/typeable/,Typeable,
1789,37.0,Безопасность начинается с управления доступом,https://habr.com/ru/company/avanpost/,Avanpost,"Программирование,.NET,C#,Игры и игровые приставки,ASP"
1758,8.0,Компания,https://habr.com/ru/company/spd/,СпецПромДизайн,"Схемотехника,Программирование микроконтроллеров,Производство и разработка электроники,Промышленное программирование"
1791,8.0,Компания,https://habr.com/ru/company/cleverence/,Клеверенс,"Разработка мобильных приложений,Тестирование IT-систем,Разработка для интернета вещей,Бизнес-модели,Софт"
2286,22.0,Компания,https://habr.com/ru/company/otr/,ОТР,"Управление разработкой,Управление продуктом,Локализация продуктов,Мозг,Agile"
2295,196.0,Компания,https://habr.com/ru/company/postuf/,Postuf,Информационная безопасность
2301,54.0,Компания,https://habr.com/ru/company/extremenetworks/,Extreme Networks,"Сетевые технологии,IT-инфраструктура,Сетевое оборудование,IT-стандарты,Беспроводные технологии"
2656,27.0,Делимся знаниями,https://habr.com/ru/company/kksng/,СберКорус,"Дизайн,HTML,Веб-дизайн,Интерфейсы,Usability"
2841,18.0,Crazy about games since 2010,https://habr.com/ru/company/crazypanda/,Crazy Panda,"C++,Разработка игр,Дизайн игр,Open source,Программирование"
2315,24.0,Изучение языка в формате виртуального путешествия!,https://habr.com/ru/company/smart_start/,Smart Start,"Управление продажами,Развитие стартапа,Бизнес-модели,Разработка игр,GTD"
2697,31.0,Компания,https://habr.com/ru/company/variti/,Variti,"Информационная безопасность,Интернет-маркетинг,Help Desk Software,Сетевые технологии,Системное администрирование"
3385,13.0,Компания,https://habr.com/ru/company/step_logic/,STEP LOGIC,"Системное администрирование,Серверная оптимизация,Хранение данных,Хранилища данных"
2847,70.0,Компания,https://habr.com/ru/company/iobroker/,ioBroker,"Беспроводные технологии,Программирование микроконтроллеров,Умный дом,DIY или Сделай сам"
2843,76.0,Компания,https://habr.com/ru/company/wd/,Western Digital,"Хранение данных,Хранилища данных,Накопители,История IT,Игры и игровые приставки"
277,4.0,Делаем софт для реалистичных 3D моделей людей,https://habr.com/ru/company/twin3d/,twin3d,
3650,89.0,Создаем умные устройства,https://habr.com/ru/company/sberdevices/,SberDevices,"Сбер,Искусственный интеллект,Научно-популярное,Машинное обучение,Natural Language Processing"
3417,61.0,Решения ИТ-инфраструктуры и защита информации,https://habr.com/ru/company/inforion/,ИНФОРИОН,"Реверс-инжиниринг,Информационная безопасность"
220,9.0,Высоконагруженные 24/7 сервисы и системы на заказ,https://habr.com/ru/company/ita_labs/,ITA Labs,
3387,35.0,Компания,https://habr.com/ru/company/mkb/,Московский кредитный банк,"Управление проектами,Разработка под iOS,Java,Разработка под Android,Микросервисы"
3343,68.0,Компания,https://habr.com/ru/company/moscowjs/,MoscowJS,
3419,104.0,Эксперты в DevOps и Kubernetes,https://habr.com/ru/company/nixys/,Nixys,"Системное администрирование,DevOps,IT-инфраструктура,Серверное администрирование,Kubernetes"
4192,13.0,Сервиc cбора данных с открытым ядром,https://habr.com/ru/company/jitsu/,Jitsu,"Open source,Программирование,IT-инфраструктура,API,Go"
3685,359.0,Внедрение систем ERP и CRM.,https://habr.com/ru/company/trinion/,Trinion,"Бизнес-модели,Анализ и проектирование систем,Визуализация данных,Терминология IT,CRM-системы"
3751,2.4,Компания,https://habr.com/ru/company/coolrf/,COOLRF,
3725,488.0,Функциональные протезы рук,https://habr.com/ru/company/motorica/,Моторика,"Киберпанк,Носимая электроника"
3786,44.0,"Мы ж программисты, кодим для страны, греем сервера",https://habr.com/ru/company/krista/,НПО Криста,"Java,Карьера в IT-индустрии,*nix,Резервное копирование,Расширения для браузеров"
3685,375.0,Компания,https://habr.com/ru/company/technoserv/,Техносерв,"Информационная безопасность,IT-инфраструктура,Виртуализация,Управление проектами,Облачные сервисы"
5195,27.5,Компания,https://habr.com/ru/company/lakhtacenter/,Лахта Центр,
5231,357.0,Контрактная разработка и производство электроники,https://habr.com/ru/company/promwad/,Promwad,
4629,114.0,Компания,https://habr.com/ru/company/ds/,DassaultSystèmes,"CAD/CAM,Инженерные системы,Анализ и проектирование систем,Проектирование и рефакторинг,Визуализация данных"
4697,28.0,Snom. German Engineered. First in VoIP.,https://habr.com/ru/company/snom/,Snom Technology GmbH,"IT-инфраструктура,Сетевые технологии,Asterisk,Сетевое оборудование"
3726,123.0,Plesk – панель управления хостингом,https://habr.com/ru/company/plesk/,Plesk,"Информационная безопасность,IT-стандарты,Машинное обучение,Искусственный интеллект,IT-компании"
4646,295.0,"e-commerce, где есть примерно всё",https://habr.com/ru/company/ozontech/,Ozon Tech,"Go,Разработка под e-commerce,Карьера в IT-индустрии,Big Data,Машинное обучение"
4603,740.0,Программные решения с открытым исходным кодом,https://habr.com/ru/company/redhatrussia/,Red Hat,"Open source,Виртуализация,Разработка под Linux,Openshift,IT-инфраструктура"
3724,185.0,Автоматизация маркетига,https://habr.com/ru/company/mindbox/,Mindbox,"Карьера в IT-индустрии,Data Engineering,.NET,C#,Agile"
5396,32.0,Кодим будущее доставки товаров,https://habr.com/ru/company/sbermarket/,СберМаркет,"Разработка под e-commerce,Big Data,Управление продуктом,Высокая производительность,IT-инфраструктура"
5563,89.0,Компания,https://habr.com/ru/company/belayaraduga/,Белая Радуга,"Научно-популярное,Биотехнологии,Здоровье"
5943,18.0,Облачная low latency-инфраструктура по всему миру,https://habr.com/ru/company/gcorelabs/,G-Core Labs,"Облачные вычисления,Облачные сервисы,Серверная оптимизация,Сетевые технологии,Информационная безопасность"
5385,1.6,Компания,https://habr.com/ru/company/bitrix/,1С-Битрикс,"Amazon Web Services,Разработка веб-сайтов,Системное администрирование,Анализ и проектирование систем,Администрирование баз данных"
6016,6.0,Компания,https://habr.com/ru/company/synaps/,SYNAPS,"Data Mining,Визуализация данных,Хранение данных,Хранилища данных"
5990,134.0,Умные решения для вашего бизнеса,https://habr.com/ru/company/maxilect/,Maxilect,"Лайфхаки для гиков,Управление персоналом,Карьера в IT-индустрии,Удалённая работа,Управление проектами"
6109,77.0,Компания,https://habr.com/ru/company/rshb/,Россельхозбанк,"Usability,Управление продуктом,Разработка веб-сайтов,Magento,Java"
5247,643.0,Компания,https://habr.com/ru/company/softline/,Softline,"Облачные сервисы,IT-инфраструктура,DevOps,Amazon Web Services,Графический дизайн"
6037,1.2,Ведущий платёжный сервис нового поколения в России,https://habr.com/ru/company/qiwi/,QIWI,"Тестирование IT-систем,Управление проектами,Управление персоналом,Информационная безопасность,IT-компании"
6847,2.7,Лучший онлайн-брокер для работы на бирже,https://habr.com/ru/company/iticapital/,ITI Capital,"Финансы в IT,IT-компании,Профессиональная литература,Информационная безопасность,Бизнес-модели"
6771,14.8,Операционная система,https://habr.com/ru/company/reactos/,Фонд ReactOS,"Open source,Реверс-инжиниринг"
6114,2000.0,Компания,https://habr.com/ru/company/wargaming/,Wargaming,"Разработка игр,Интервью,Сетевые технологии,Распределённые системы,IT-компании"
7752,20.0,Компания,https://habr.com/ru/company/ligastavok/,Лига Ставок,"Flutter,Dart,Go,Веб-аналитика,Интернет-маркетинг"
7044,2.2,HR Digital,https://habr.com/ru/company/hh/,HeadHunter,"Разработка мобильных приложений,Разработка под Android,JavaScript,Карьера в IT-индустрии,Исследования и прогнозы в IT"
7019,27.4,"Делаем приложения, которыми пользуются миллионы",https://habr.com/ru/company/e-Legion/,e-Legion,"Разработка под Android,Разработка мобильных приложений,Учебный процесс в IT,Карьера в IT-индустрии,Kotlin"
6857,116.0,Компания,https://habr.com/ru/company/citymobil/,Ситимобил,"MySQL,Разработка мобильных приложений,Разработка под Android,Системное администрирование,*nix"
7730,100.0,"Рассказываем о том, как мы делаем «Спортмастер»",https://habr.com/ru/company/sportmaster_lab/,Sportmaster Lab,"Анализ и проектирование систем,IT-инфраструктура,Разработка веб-сайтов,Управление проектами,DevOps"
5359,199.0,Атакующая безопасность,https://habr.com/ru/company/tomhunter/,T.Hunter,"Информационная безопасность,Open source,Социальные сети и сообщества,GitHub,Интерфейсы"
7793,30.2,Образовательная платформа,https://habr.com/ru/company/netologyru/,Нетология,"Карьера в IT-индустрии,Big Data,Дизайн игр,Data Engineering,Управление персоналом"
7758,312.0,Создаем современные корпоративные системы,https://habr.com/ru/company/haulmont/,Haulmont,"Программирование,Java,Микросервисы,PostgreSQL,SQL"
8012,1.3,Делаем средства разработки бизнес-приложений,https://habr.com/ru/company/1c/,1С,"Анализ и проектирование систем,Алгоритмы,ERP-системы,Microsoft SQL Server,Администрирование баз данных"
9214,1.3,Делимся экспертизой,https://habr.com/ru/company/odnoklassniki/,Одноклассники,"Тестирование мобильных приложений,Машинное обучение,Разработка под Android,Java,Тестирование IT-систем"
7942,17.3,Компания,https://habr.com/ru/company/yougile/,YouGile,"Управление разработкой,Управление проектами,Agile,Управление продуктом,Тестирование IT-систем"
9342,85.0,Лидер рынка FoodTech в России,https://habr.com/ru/company/deliveryclub/,Delivery Club Tech,"Mail.ru Group,Управление продуктом,Управление разработкой,Accessibility,Микросервисы"
9356,2.8,Компания,https://habr.com/ru/company/samsung/,Samsung,"Интернет вещей,Машинное обучение,IT-инфраструктура,Умный дом,Искусственный интеллект"
9280,115.0,Компания,https://habr.com/ru/company/dins/,DINS,"Конференции,DevOps,Тестирование IT-систем,Amazon Web Services,Тестирование веб-сервисов"
9165,15.3,Разработчик мобильных free-to-play игр,https://habr.com/ru/company/playrix/,Playrix,"Разработка игр,Алгоритмы,Разработка под iOS,Разработка мобильных приложений,Разработка под Android"
9422,15.6,Build anything with Google,https://habr.com/ru/company/google/,Google Developers,"Разработка веб-сайтов,Разработка мобильных приложений,Разработка под Android,Веб-дизайн,Управление сообществом"
9183,4.1,Компания,https://habr.com/ru/company/beeline/,Билайн Бизнес,"IT-инфраструктура,Сетевые технологии,Сотовая связь,Информационная безопасность,История IT"
10164,925.0,Компания,https://habr.com/ru/company/droider/,Droider.Ru,"Смартфоны,Процессоры,Компьютерное железо,Фототехника,Ноутбуки"
9479,154.0,Ритейлер — технологическая компания платформа.,https://habr.com/ru/company/leroy_merlin/,Леруа Мерлен,"Управление проектами,IT-инфраструктура,Open source,Управление персоналом,Микросервисы"
10424,1.4,Vivaldi — браузер для наших друзей,https://habr.com/ru/company/vivaldi/,Vivaldi Technologies AS,"Браузеры,Разработка под Android,IT-стандарты,Разработка под Linux"
10530,2.6,Компания,https://habr.com/ru/company/kingston_technology/,Kingston Technology,"Накопители,Хранение данных,Компьютерное железо,Настольные компьютеры,Высокая производительность"
10524,416.0,#1 Корпоративный облачный провайдер,https://habr.com/ru/company/cloud4y/,Cloud4Y,"IT-компании,Информационная безопасность,Облачные сервисы,Читальный зал,IT-инфраструктура"
10261,302.0,Цифровые технологии для бизнеса,https://habr.com/ru/company/icl_services/,ICL Services,"IT-инфраструктура,IT-компании,Управление проектами,Высокая производительность,Процессоры"
12793,58.0,Разработчик ПО для защиты от внутренних угроз,https://habr.com/ru/company/searchinform/,SearchInform,"Информационная безопасность,Карьера в IT-индустрии,IT-стандарты,IT-компании,Исследования и прогнозы в IT"
10426,1.2,Делаем веб-сервисы для бизнеса,https://habr.com/ru/company/skbkontur/,Контур,"Конференции,Программирование,Ненормальное программирование,Спортивное программирование,.NET"
12317,21.9,Безопасность по имени Солнце,https://habr.com/ru/company/solarsecurity/,Ростелеком-Солар,"Информационная безопасность,Софт,Управление продуктом,Совершенный код,IT-инфраструктура"
12362,410.0,Компания,https://habr.com/ru/company/nanosoft/,Нанософт,"CAD/CAM,Анализ и проектирование систем,Производство и разработка электроники,Электроника для начинающих,Работа с 3D-графикой"
13086,88.0,"Разрабатываем микросхемы, приборы, ПО",https://habr.com/ru/company/milandr/,Миландр,"Производство и разработка электроники,Информационная безопасность,Локализация продуктов,Схемотехника,Электроника для начинающих"
13190,21.4,Компания,https://habr.com/ru/company/globalsign/,GlobalSign,"Информационная безопасность,Криптография,Софт,Open source,Законодательство в IT"
13064,1.2,IT's MOre than a University,https://habr.com/ru/company/spbifmo/,Университет ИТМО,"Учебный процесс в IT,Физика,Развитие стартапа,Электроника для начинающих,Программирование"
16159,788.0,"Одна из крупнейших Hi-Fi, High End компаний в СНГ",https://habr.com/ru/company/audiomania/,Аудиомания,"Звук,Гаджеты,Периферия,Старое железо,История IT"
22034,264.0,"VDS, виртуальный хостинг, домены, серверы",https://habr.com/ru/company/timeweb/,Timeweb,"Программирование,DevOps,Системное администрирование,Информационная безопасность,Занимательные задачки"
15971,170.0,Компоненты для роботизированного транспорта,https://habr.com/ru/company/itelma/,НПП ИТЭЛМА,"Транспорт,Научно-популярное,Исследования и прогнозы в IT,Разработка робототехники,Автомобильные гаджеты"
13541,23.1,Экосистема ИТ-сервисов,https://habr.com/ru/company/dataline/,DataLine,"IT-инфраструктура,Облачные сервисы,Информационная безопасность,Виртуализация,Инженерные системы"
21860,550.0,Компания,https://habr.com/ru/company/geltek/,Гельтек-Медика,"Здоровье,Биотехнологии,Научно-популярное,Фриланс,Химия"
16688,19000.0,DDoS Attacks Mitigation & Continuous Availability,https://habr.com/ru/company/qrator/,Qrator Labs,"Сетевые технологии,Информационная безопасность,IT-инфраструктура,Управление персоналом,Карьера в IT-индустрии"
16212,2.3,Компания для карьерного и профессионального роста,https://habr.com/ru/company/epam_systems/,EPAM,"Карьера в IT-индустрии,Интернет вещей,Программирование,Учебный процесс в IT,Python"
16385,16.1,"Статический анализ кода для C, C++, C# и Java",https://habr.com/ru/company/pvs-studio/,PVS-Studio,"C++,Open source,C#,C,Программирование"
