Title, Group, GitHub
00_roadmap, 00_introduction/00_roadmap, https://github.com/ryndovaira-org/data_science_notes/tree/main/00_introduction/00_roadmap/00_roadmap
01_environment_preparation, 00_introduction/00_roadmap, https://github.com/ryndovaira-org/data_science_notes/tree/main/00_introduction/00_roadmap/01_environment_preparation
01_jupyter, 00_introduction/01_utils, https://github.com/ryndovaira-org/data_science_notes/tree/main/00_introduction/01_utils/01_jupyter
02_kaggle, 00_introduction/01_utils, https://github.com/ryndovaira-org/data_science_notes/tree/main/00_introduction/01_utils/02_kaggle
03_colab, 00_introduction/01_utils, https://github.com/ryndovaira-org/data_science_notes/tree/main/00_introduction/01_utils/03_colab
01_large_scale_programming_styles, 00_introduction/02_development_process, https://github.com/ryndovaira-org/data_science_notes/tree/main/00_introduction/02_development_process/01_large_scale_programming_styles
02_specification_related_paradigms, 00_introduction/02_development_process, https://github.com/ryndovaira-org/data_science_notes/tree/main/00_introduction/02_development_process/02_specification_related_paradigms
03_comprehensive_systems, 00_introduction/02_development_process, https://github.com/ryndovaira-org/data_science_notes/tree/main/00_introduction/02_development_process/03_comprehensive_systems
04_rules_guidelines_principles, 00_introduction/02_development_process, https://github.com/ryndovaira-org/data_science_notes/tree/main/00_introduction/02_development_process/04_rules_guidelines_principles
05_programming_paradigms, 00_introduction/02_development_process, https://github.com/ryndovaira-org/data_science_notes/tree/main/00_introduction/02_development_process/05_programming_paradigms
06_development_methodologies, 00_introduction/02_development_process, https://github.com/ryndovaira-org/data_science_notes/tree/main/00_introduction/02_development_process/06_development_methodologies
07_development_process, 00_introduction/02_development_process, https://github.com/ryndovaira-org/data_science_notes/tree/main/00_introduction/02_development_process/07_development_process
00_roadmap, 01_data_engineering/00_roadmap, https://github.com/ryndovaira-org/data_science_notes/tree/main/01_data_engineering/00_roadmap/00_roadmap
01_json, 01_data_engineering/02_data_requirements/01_data_formats, https://github.com/ryndovaira-org/data_science_notes/tree/main/01_data_engineering/01_data_requirements/01_data_formats/01_json
02_xml, 01_data_engineering/02_data_requirements/01_data_formats, https://github.com/ryndovaira-org/data_science_notes/tree/main/01_data_engineering/01_data_requirements/01_data_formats/02_xml
03_toml, 01_data_engineering/02_data_requirements/01_data_formats, https://github.com/ryndovaira-org/data_science_notes/tree/main/01_data_engineering/01_data_requirements/01_data_formats/03_toml
04_csv, 01_data_engineering/02_data_requirements/01_data_formats, https://github.com/ryndovaira-org/data_science_notes/tree/main/01_data_engineering/01_data_requirements/01_data_formats/04_csv
05_pickle, 01_data_engineering/02_data_requirements/01_data_formats, https://github.com/ryndovaira-org/data_science_notes/tree/main/01_data_engineering/01_data_requirements/01_data_formats/05_pickle
06_databases, 01_data_engineering/02_data_requirements/01_data_formats, https://github.com/ryndovaira-org/data_science_notes/tree/main/01_data_engineering/01_data_requirements/01_data_formats/06_databases
07_vector_matrix_numpy, 01_data_engineering/02_data_requirements/01_data_formats, https://github.com/ryndovaira-org/data_science_notes/tree/main/01_data_engineering/01_data_requirements/01_data_formats/07_vector_matrix_numpy
08_tabular_pandas, 01_data_engineering/02_data_requirements/01_data_formats, https://github.com/ryndovaira-org/data_science_notes/tree/main/01_data_engineering/01_data_requirements/01_data_formats/08_tabular_pandas
09_pandas_time_series, 01_data_engineering/02_data_requirements/01_data_formats, https://github.com/ryndovaira-org/data_science_notes/tree/main/01_data_engineering/01_data_requirements/01_data_formats/09_pandas_time_series
10_numpy_pandas_types, 01_data_engineering/02_data_requirements/01_data_formats, https://github.com/ryndovaira-org/data_science_notes/tree/main/01_data_engineering/01_data_requirements/01_data_formats/10_numpy_pandas_types
01_overview, 01_data_engineering/02_data_requirements/02_data_model, https://github.com/ryndovaira-org/data_science_notes/tree/main/01_data_engineering/01_data_requirements/02_data_model/01_overview
02_types, 01_data_engineering/02_data_requirements/02_data_model, https://github.com/ryndovaira-org/data_science_notes/tree/main/01_data_engineering/01_data_requirements/02_data_model/02_types
01_overview, 01_data_engineering/02_data_requirements/03_data_quality, https://github.com/ryndovaira-org/data_science_notes/tree/main/01_data_engineering/01_data_requirements/03_data_quality/01_overview
01_supervisely, 01_data_engineering/03_collecting_labeling_data/01_platforms, https://github.com/ryndovaira-org/data_science_notes/tree/main/01_data_engineering/02_collecting_labeling_data/01_platforms/01_supervisely
02_mechanical_turk, 01_data_engineering/03_collecting_labeling_data/01_platforms, https://github.com/ryndovaira-org/data_science_notes/tree/main/01_data_engineering/02_collecting_labeling_data/01_platforms/02_mechanical_turk
03_kaggle, 01_data_engineering/03_collecting_labeling_data/01_platforms, https://github.com/ryndovaira-org/data_science_notes/tree/main/01_data_engineering/02_collecting_labeling_data/01_platforms/03_kaggle
04_goodle_datasetsearch, 01_data_engineering/03_collecting_labeling_data/01_platforms, https://github.com/ryndovaira-org/data_science_notes/tree/main/01_data_engineering/02_collecting_labeling_data/01_platforms/04_goodle_datasetsearch
05_ics_uci_edu, 01_data_engineering/03_collecting_labeling_data/01_platforms, https://github.com/ryndovaira-org/data_science_notes/tree/main/01_data_engineering/02_collecting_labeling_data/01_platforms/05_ics_uci_edu
06_global_health_observatory, 01_data_engineering/03_collecting_labeling_data/01_platforms, https://github.com/ryndovaira-org/data_science_notes/tree/main/01_data_engineering/02_collecting_labeling_data/01_platforms/06_global_health_observatory
01_web_scraping, 01_data_engineering/03_collecting_labeling_data/03_web_scraping, https://github.com/ryndovaira-org/data_science_notes/tree/main/01_data_engineering/02_collecting_labeling_data/03_web_scraping/01_web_scraping
02_scripy, 01_data_engineering/03_collecting_labeling_data/03_web_scraping, https://github.com/ryndovaira-org/data_science_notes/tree/main/01_data_engineering/02_collecting_labeling_data/03_web_scraping/02_scripy
01_matplotlib, 01_data_engineering/04_inspecting_cleaning_augmenting/01_visualization, https://github.com/ryndovaira-org/data_science_notes/tree/main/01_data_engineering/03_inspecting_cleaning_augmenting/01_visualization/01_matplotlib
02_pandas_plot, 01_data_engineering/04_inspecting_cleaning_augmenting/01_visualization, https://github.com/ryndovaira-org/data_science_notes/tree/main/01_data_engineering/03_inspecting_cleaning_augmenting/01_visualization/02_pandas_plot
03_seaborn, 01_data_engineering/04_inspecting_cleaning_augmenting/01_visualization, https://github.com/ryndovaira-org/data_science_notes/tree/main/01_data_engineering/03_inspecting_cleaning_augmenting/01_visualization/03_seaborn
01_descriptive_statistic, 01_data_engineering/04_inspecting_cleaning_augmenting/02_statistics, https://github.com/ryndovaira-org/data_science_notes/tree/main/01_data_engineering/03_inspecting_cleaning_augmenting/02_statistics/01_descriptive_statistic
02_outliers, 01_data_engineering/04_inspecting_cleaning_augmenting/02_statistics, https://github.com/ryndovaira-org/data_science_notes/tree/main/01_data_engineering/03_inspecting_cleaning_augmenting/02_statistics/02_outliers
03_missing_values, 01_data_engineering/04_inspecting_cleaning_augmenting/02_statistics, https://github.com/ryndovaira-org/data_science_notes/tree/main/01_data_engineering/03_inspecting_cleaning_augmenting/02_statistics/03_missing_values
04_imbalanced_data, 01_data_engineering/04_inspecting_cleaning_augmenting/02_statistics, https://github.com/ryndovaira-org/data_science_notes/tree/main/01_data_engineering/03_inspecting_cleaning_augmenting/02_statistics/04_imbalanced_data
05_standardization_normalization, 01_data_engineering/04_inspecting_cleaning_augmenting/02_statistics, https://github.com/ryndovaira-org/data_science_notes/tree/main/01_data_engineering/03_inspecting_cleaning_augmenting/02_statistics/05_standardization_normalization
06_scale_types, 01_data_engineering/04_inspecting_cleaning_augmenting/02_statistics, https://github.com/ryndovaira-org/data_science_notes/tree/main/01_data_engineering/03_inspecting_cleaning_augmenting/02_statistics/06_scale_types
07_correlation_dependence, 01_data_engineering/04_inspecting_cleaning_augmenting/02_statistics, https://github.com/ryndovaira-org/data_science_notes/tree/main/01_data_engineering/03_inspecting_cleaning_augmenting/02_statistics/07_correlation_dependence
08_pandas_profiling, 01_data_engineering/04_inspecting_cleaning_augmenting/02_statistics, https://github.com/ryndovaira-org/data_science_notes/tree/main/01_data_engineering/03_inspecting_cleaning_augmenting/02_statistics/08_pandas_profiling
01_pandas_groupby, 01_data_engineering/04_inspecting_cleaning_augmenting/03_aggregation, https://github.com/ryndovaira-org/data_science_notes/tree/main/01_data_engineering/03_inspecting_cleaning_augmenting/03_aggregation/01_pandas_groupby
02_pandas_merge, 01_data_engineering/04_inspecting_cleaning_augmenting/03_aggregation, https://github.com/ryndovaira-org/data_science_notes/tree/main/01_data_engineering/03_inspecting_cleaning_augmenting/03_aggregation/02_pandas_merge
03_pandas_pivot, 01_data_engineering/04_inspecting_cleaning_augmenting/03_aggregation, https://github.com/ryndovaira-org/data_science_notes/tree/main/01_data_engineering/03_inspecting_cleaning_augmenting/03_aggregation/03_pandas_pivot
01_images, 01_data_engineering/04_inspecting_cleaning_augmenting/04_augmenting, https://github.com/ryndovaira-org/data_science_notes/tree/main/01_data_engineering/03_inspecting_cleaning_augmenting/04_augmenting/01_images
02_audio, 01_data_engineering/04_inspecting_cleaning_augmenting/04_augmenting, https://github.com/ryndovaira-org/data_science_notes/tree/main/01_data_engineering/03_inspecting_cleaning_augmenting/04_augmenting/02_audio
03_nlp, 01_data_engineering/04_inspecting_cleaning_augmenting/04_augmenting, https://github.com/ryndovaira-org/data_science_notes/tree/main/01_data_engineering/03_inspecting_cleaning_augmenting/04_augmenting/03_nlp
01_feature_engineering, 01_data_engineering/04_inspecting_cleaning_augmenting/05_feature_engineering, https://github.com/ryndovaira-org/data_science_notes/tree/main/01_data_engineering/03_inspecting_cleaning_augmenting/05_feature_engineering/01_feature_engineering
01_overview, 01_data_engineering/05_building_data_pipelines, https://github.com/ryndovaira-org/data_science_notes/tree/main/01_data_engineering/04_building_data_pipelines/01_overview
02_online_learning, 01_data_engineering/05_building_data_pipelines, https://github.com/ryndovaira-org/data_science_notes/tree/main/01_data_engineering/04_building_data_pipelines/02_online_learning
03_apache_airflow, 01_data_engineering/05_building_data_pipelines, https://github.com/ryndovaira-org/data_science_notes/tree/main/01_data_engineering/04_building_data_pipelines/03_apache_airflow
04_apache_kafka, 01_data_engineering/05_building_data_pipelines, https://github.com/ryndovaira-org/data_science_notes/tree/main/01_data_engineering/04_building_data_pipelines/04_apache_kafka
05_apache_hadoop, 01_data_engineering/05_building_data_pipelines, https://github.com/ryndovaira-org/data_science_notes/tree/main/01_data_engineering/04_building_data_pipelines/05_apache_hadoop
06_apache_spark, 01_data_engineering/05_building_data_pipelines, https://github.com/ryndovaira-org/data_science_notes/tree/main/01_data_engineering/04_building_data_pipelines/06_apache_spark
07_aws_data_pipeline, 01_data_engineering/05_building_data_pipelines, https://github.com/ryndovaira-org/data_science_notes/tree/main/01_data_engineering/04_building_data_pipelines/07_aws_data_pipeline
08_aws_glue, 01_data_engineering/05_building_data_pipelines, https://github.com/ryndovaira-org/data_science_notes/tree/main/01_data_engineering/04_building_data_pipelines/08_aws_glue
09_aws_step_functions, 01_data_engineering/05_building_data_pipelines, https://github.com/ryndovaira-org/data_science_notes/tree/main/01_data_engineering/04_building_data_pipelines/09_aws_step_functions
10_google_dataflow, 01_data_engineering/05_building_data_pipelines, https://github.com/ryndovaira-org/data_science_notes/tree/main/01_data_engineering/04_building_data_pipelines/10_google_dataflow
11_data_version_control, 01_data_engineering/05_building_data_pipelines, https://github.com/ryndovaira-org/data_science_notes/tree/main/01_data_engineering/04_building_data_pipelines/11_data_version_control
01_terminology, 01_data_engineering/02_data_bases, https://github.com/ryndovaira-org/data_science_notes/tree/main/01_data_engineering/05_querying_data/01_terminology
02_relational_db, 01_data_engineering/02_data_bases, https://github.com/ryndovaira-org/data_science_notes/tree/main/01_data_engineering/05_querying_data/02_relational_db
03_sql, 01_data_engineering/02_data_bases, https://github.com/ryndovaira-org/data_science_notes/tree/main/01_data_engineering/05_querying_data/03_sql
04_mysql, 01_data_engineering/02_data_bases, https://github.com/ryndovaira-org/data_science_notes/tree/main/01_data_engineering/05_querying_data/04_mysql
05_non_relational_db, 01_data_engineering/02_data_bases, https://github.com/ryndovaira-org/data_science_notes/tree/main/01_data_engineering/05_querying_data/05_non_relational_db
06_mongodb, 01_data_engineering/02_data_bases, https://github.com/ryndovaira-org/data_science_notes/tree/main/01_data_engineering/05_querying_data/06_mongodb
07_new_sql_db, 01_data_engineering/02_data_bases, https://github.com/ryndovaira-org/data_science_notes/tree/main/01_data_engineering/05_querying_data/07_new_sql_db
00_roadmap, 02_modeling/00_roadmap, https://github.com/ryndovaira-org/data_science_notes/tree/main/02_modeling/00_roadmap/00_roadmap
01_linear_algebra, 02_modeling/01_math, https://github.com/ryndovaira-org/data_science_notes/tree/main/02_modeling/01_math/01_linear_algebra
02_manifold_tensor, 02_modeling/01_math, https://github.com/ryndovaira-org/data_science_notes/tree/main/02_modeling/01_math/02_manifold_tensor
03_calculus, 02_modeling/01_math, https://github.com/ryndovaira-org/data_science_notes/tree/main/02_modeling/01_math/03_calculus
04_differential_calculus, 02_modeling/01_math, https://github.com/ryndovaira-org/data_science_notes/tree/main/02_modeling/01_math/04_differential_calculus
05_funtion_analysis, 02_modeling/01_math, https://github.com/ryndovaira-org/data_science_notes/tree/main/02_modeling/01_math/05_funtion_analysis
06_useful_functions, 02_modeling/01_math, https://github.com/ryndovaira-org/data_science_notes/tree/main/02_modeling/01_math/06_useful_functions
07_integral_calculus, 02_modeling/01_math, https://github.com/ryndovaira-org/data_science_notes/tree/main/02_modeling/01_math/07_integral_calculus
08_combinatorics, 02_modeling/01_math, https://github.com/ryndovaira-org/data_science_notes/tree/main/02_modeling/01_math/08_combinatorics
09_probability, 02_modeling/01_math, https://github.com/ryndovaira-org/data_science_notes/tree/main/02_modeling/01_math/09_probability
10_likelihood, 02_modeling/01_math, https://github.com/ryndovaira-org/data_science_notes/tree/main/02_modeling/01_math/10_likelihood
11_bayes_theorem, 02_modeling/01_math, https://github.com/ryndovaira-org/data_science_notes/tree/main/02_modeling/01_math/11_bayes_theorem
12_gradient_descent, 02_modeling/01_math, https://github.com/ryndovaira-org/data_science_notes/tree/main/02_modeling/01_math/12_gradient_descent
13_learning_rate, 02_modeling/01_math, https://github.com/ryndovaira-org/data_science_notes/tree/main/02_modeling/01_math/13_learning_rate
14_loss_function, 02_modeling/01_math, https://github.com/ryndovaira-org/data_science_notes/tree/main/02_modeling/01_math/14_loss_function
15_lasso_ridge_elasticnet, 02_modeling/01_math, https://github.com/ryndovaira-org/data_science_notes/tree/main/02_modeling/01_math/15_lasso_ridge_elasticnet
01_how_to_read, 02_modeling/02_task_comprehension/01_academic_research_papers, https://github.com/ryndovaira-org/data_science_notes/tree/main/02_modeling/02_task_comprehension/01_academic_research_papers/01_how_to_read
02_math, 02_modeling/02_task_comprehension/01_academic_research_papers, https://github.com/ryndovaira-org/data_science_notes/tree/main/02_modeling/02_task_comprehension/01_academic_research_papers/02_math
01_dreams_vs_reality, 02_modeling/02_task_comprehension/02_business_problem_into_ml_problem, https://github.com/ryndovaira-org/data_science_notes/tree/main/02_modeling/02_task_comprehension/02_business_problem_into_ml_problem/01_dreams_vs_reality
02_project_roadmap, 02_modeling/02_task_comprehension/02_business_problem_into_ml_problem, https://github.com/ryndovaira-org/data_science_notes/tree/main/02_modeling/02_task_comprehension/02_business_problem_into_ml_problem/02_project_roadmap
00_python, 02_modeling/03_software_engineering/02_python_basic, https://github.com/ryndovaira-org/data_science_notes/tree/main/02_modeling/03_software_engineering/01_python_basic/00_python
01_basic_types, 02_modeling/03_software_engineering/02_python_basic, https://github.com/ryndovaira-org/data_science_notes/tree/main/02_modeling/03_software_engineering/01_python_basic/01_basic_types
02_compound_statements, 02_modeling/03_software_engineering/02_python_basic, https://github.com/ryndovaira-org/data_science_notes/tree/main/02_modeling/03_software_engineering/01_python_basic/02_compound_statements
03_argparse, 02_modeling/03_software_engineering/02_python_basic, https://github.com/ryndovaira-org/data_science_notes/tree/main/02_modeling/03_software_engineering/01_python_basic/03_argparse
04_functions, 02_modeling/03_software_engineering/02_python_basic, https://github.com/ryndovaira-org/data_science_notes/tree/main/02_modeling/03_software_engineering/01_python_basic/04_functions
05_exceptions, 02_modeling/03_software_engineering/02_python_basic, https://github.com/ryndovaira-org/data_science_notes/tree/main/02_modeling/03_software_engineering/01_python_basic/05_exceptions
06_logging, 02_modeling/03_software_engineering/02_python_basic, https://github.com/ryndovaira-org/data_science_notes/tree/main/02_modeling/03_software_engineering/01_python_basic/06_logging
07_oop, 02_modeling/03_software_engineering/02_python_basic, https://github.com/ryndovaira-org/data_science_notes/tree/main/02_modeling/03_software_engineering/01_python_basic/07_oop
08_serialization, 02_modeling/03_software_engineering/02_python_basic, https://github.com/ryndovaira-org/data_science_notes/tree/main/02_modeling/03_software_engineering/01_python_basic/08_serialization
09_documentation_generators, 02_modeling/03_software_engineering/02_python_basic, https://github.com/ryndovaira-org/data_science_notes/tree/main/02_modeling/03_software_engineering/01_python_basic/09_documentation_generators
10_virtual_environment, 02_modeling/03_software_engineering/02_python_basic, https://github.com/ryndovaira-org/data_science_notes/tree/main/02_modeling/03_software_engineering/01_python_basic/10_virtual_environment
00_r, 02_modeling/03_software_engineering/02_r_basic, https://github.com/ryndovaira-org/data_science_notes/tree/main/02_modeling/03_software_engineering/02_r_basic/00_r
01_basic_syntax, 02_modeling/03_software_engineering/02_r_basic, https://github.com/ryndovaira-org/data_science_notes/tree/main/02_modeling/03_software_engineering/02_r_basic/01_basic_syntax
00_octave, 02_modeling/03_software_engineering/03_octave_basic, https://github.com/ryndovaira-org/data_science_notes/tree/main/02_modeling/03_software_engineering/03_octave_basic/00_octave
01_basic_syntax, 02_modeling/03_software_engineering/03_octave_basic, https://github.com/ryndovaira-org/data_science_notes/tree/main/02_modeling/03_software_engineering/03_octave_basic/01_basic_syntax
01_learning_approaches, 02_modeling/04_models/01_basics/01_approaches, https://github.com/ryndovaira-org/data_science_notes/tree/main/02_modeling/04_models/01_basics/01_approaches/01_learning_approaches
02_applications, 02_modeling/04_models/01_basics/01_approaches, https://github.com/ryndovaira-org/data_science_notes/tree/main/02_modeling/04_models/01_basics/01_approaches/02_applications
01_classical_vs_dl, 02_modeling/04_models/01_basics/02_models, https://github.com/ryndovaira-org/data_science_notes/tree/main/02_modeling/04_models/01_basics/02_models/01_classical_vs_dl
02_baseline_model, 02_modeling/04_models/01_basics/02_models, https://github.com/ryndovaira-org/data_science_notes/tree/main/02_modeling/04_models/01_basics/02_models/02_baseline_model
03_ensemble_learning, 02_modeling/04_models/01_basics/02_models, https://github.com/ryndovaira-org/data_science_notes/tree/main/02_modeling/04_models/01_basics/02_models/03_ensemble_learning
04_incremental_learning, 02_modeling/04_models/01_basics/02_models, https://github.com/ryndovaira-org/data_science_notes/tree/main/02_modeling/04_models/01_basics/02_models/04_incremental_learning
05_choosing_model, 02_modeling/04_models/01_basics/02_models, https://github.com/ryndovaira-org/data_science_notes/tree/main/02_modeling/04_models/01_basics/02_models/05_choosing_model
01_applications, 02_modeling/04_models/01_basics/03_limitations, https://github.com/ryndovaira-org/data_science_notes/tree/main/02_modeling/04_models/01_basics/03_limitations/01_applications
02_interpretable_model, 02_modeling/04_models/01_basics/03_limitations, https://github.com/ryndovaira-org/data_science_notes/tree/main/02_modeling/04_models/01_basics/03_limitations/02_interpretable_model
03_parameters_vs_hyperparameters, 02_modeling/04_models/01_basics/03_limitations, https://github.com/ryndovaira-org/data_science_notes/tree/main/02_modeling/04_models/01_basics/03_limitations/03_parameters_vs_hyperparameters
04_overfit_underfit_train_test_cv, 02_modeling/04_models/01_basics/03_limitations, https://github.com/ryndovaira-org/data_science_notes/tree/main/02_modeling/04_models/01_basics/03_limitations/04_overfit_underfit_train_test_cv
05_multicollinearity, 02_modeling/04_models/01_basics/03_limitations, https://github.com/ryndovaira-org/data_science_notes/tree/main/02_modeling/04_models/01_basics/03_limitations/05_multicollinearity
06_feature_selection, 02_modeling/04_models/01_basics/03_limitations, https://github.com/ryndovaira-org/data_science_notes/tree/main/02_modeling/04_models/01_basics/03_limitations/06_feature_selection
01_metrics, 02_modeling/04_models/01_basics/04_assessments, https://github.com/ryndovaira-org/data_science_notes/tree/main/02_modeling/04_models/01_basics/04_assessments/01_metrics
02_relative_vs_absolute_diff, 02_modeling/04_models/01_basics/04_assessments, https://github.com/ryndovaira-org/data_science_notes/tree/main/02_modeling/04_models/01_basics/04_assessments/02_relative_vs_absolute_diff
01_characteristics, 02_modeling/04_models/01_basics/05_hardware, https://github.com/ryndovaira-org/data_science_notes/tree/main/02_modeling/04_models/01_basics/05_hardware/01_characteristics
01_dl_frameworks, 02_modeling/04_models/01_basics/07_deep_learning, https://github.com/ryndovaira-org/data_science_notes/tree/main/02_modeling/04_models/01_basics/06_deep_learning/01_dl_frameworks
02_ann_vs_bnn, 02_modeling/04_models/01_basics/07_deep_learning, https://github.com/ryndovaira-org/data_science_notes/tree/main/02_modeling/04_models/01_basics/06_deep_learning/02_ann_vs_bnn
03_perceptron, 02_modeling/04_models/01_basics/07_deep_learning, https://github.com/ryndovaira-org/data_science_notes/tree/main/02_modeling/04_models/01_basics/06_deep_learning/03_perceptron
04_activation_function, 02_modeling/04_models/01_basics/07_deep_learning, https://github.com/ryndovaira-org/data_science_notes/tree/main/02_modeling/04_models/01_basics/06_deep_learning/04_activation_function
05_loss_functions, 02_modeling/04_models/01_basics/07_deep_learning, https://github.com/ryndovaira-org/data_science_notes/tree/main/02_modeling/04_models/01_basics/06_deep_learning/05_loss_functions
06_back_propagation, 02_modeling/04_models/01_basics/07_deep_learning, https://github.com/ryndovaira-org/data_science_notes/tree/main/02_modeling/04_models/01_basics/06_deep_learning/06_back_propagation
07_forward_propagation, 02_modeling/04_models/01_basics/07_deep_learning, https://github.com/ryndovaira-org/data_science_notes/tree/main/02_modeling/04_models/01_basics/06_deep_learning/07_forward_propagation
08_initialization, 02_modeling/04_models/01_basics/07_deep_learning, https://github.com/ryndovaira-org/data_science_notes/tree/main/02_modeling/04_models/01_basics/06_deep_learning/08_initialization
09_deep_representation, 02_modeling/04_models/01_basics/07_deep_learning, https://github.com/ryndovaira-org/data_science_notes/tree/main/02_modeling/04_models/01_basics/06_deep_learning/09_deep_representation
10_dropout, 02_modeling/04_models/01_basics/07_deep_learning, https://github.com/ryndovaira-org/data_science_notes/tree/main/02_modeling/04_models/01_basics/06_deep_learning/10_dropout
11_batch_normalization, 02_modeling/04_models/01_basics/07_deep_learning, https://github.com/ryndovaira-org/data_science_notes/tree/main/02_modeling/04_models/01_basics/06_deep_learning/11_batch_normalization
12_ann_types, 02_modeling/04_models/01_basics/07_deep_learning, https://github.com/ryndovaira-org/data_science_notes/tree/main/02_modeling/04_models/01_basics/06_deep_learning/12_ann_types
01_sampling, 02_modeling/04_models/02_testing_hypotheses, https://github.com/ryndovaira-org/data_science_notes/tree/main/02_modeling/04_models/02_testing_hypotheses/01_sampling
02_hypothesis_testing, 02_modeling/04_models/02_testing_hypotheses, https://github.com/ryndovaira-org/data_science_notes/tree/main/02_modeling/04_models/02_testing_hypotheses/02_hypothesis_testing
03_a_b_testing, 02_modeling/04_models/02_testing_hypotheses, https://github.com/ryndovaira-org/data_science_notes/tree/main/02_modeling/04_models/02_testing_hypotheses/03_a_b_testing
04_significance_tests, 02_modeling/04_models/02_testing_hypotheses, https://github.com/ryndovaira-org/data_science_notes/tree/main/02_modeling/04_models/02_testing_hypotheses/04_significance_tests
05_confidence_intervals, 02_modeling/04_models/02_testing_hypotheses, https://github.com/ryndovaira-org/data_science_notes/tree/main/02_modeling/04_models/02_testing_hypotheses/05_confidence_intervals
01_info, 02_modeling/04_models/03_supervised_learning/01_regression, https://github.com/ryndovaira-org/data_science_notes/tree/main/02_modeling/04_models/03_supervised_learning/01_regression/01_info
02_evaluation, 02_modeling/04_models/03_supervised_learning/01_regression, https://github.com/ryndovaira-org/data_science_notes/tree/main/02_modeling/04_models/03_supervised_learning/01_regression/02_evaluation
03_simple_linear, 02_modeling/04_models/03_supervised_learning/01_regression, https://github.com/ryndovaira-org/data_science_notes/tree/main/02_modeling/04_models/03_supervised_learning/01_regression/03_simple_linear
04_multiple_linear, 02_modeling/04_models/03_supervised_learning/01_regression, https://github.com/ryndovaira-org/data_science_notes/tree/main/02_modeling/04_models/03_supervised_learning/01_regression/04_multiple_linear
05_poly_linear, 02_modeling/04_models/03_supervised_learning/01_regression, https://github.com/ryndovaira-org/data_science_notes/tree/main/02_modeling/04_models/03_supervised_learning/01_regression/05_poly_linear
06_example_eda, 02_modeling/04_models/03_supervised_learning/01_regression, https://github.com/ryndovaira-org/data_science_notes/tree/main/02_modeling/04_models/03_supervised_learning/01_regression/06_example_eda
07_example_manual, 02_modeling/04_models/03_supervised_learning/01_regression, https://github.com/ryndovaira-org/data_science_notes/tree/main/02_modeling/04_models/03_supervised_learning/01_regression/07_example_manual
08_example_pipeline, 02_modeling/04_models/03_supervised_learning/01_regression, https://github.com/ryndovaira-org/data_science_notes/tree/main/02_modeling/04_models/03_supervised_learning/01_regression/08_example_pipeline
09_sgd, 02_modeling/04_models/03_supervised_learning/01_regression, https://github.com/ryndovaira-org/data_science_notes/tree/main/02_modeling/04_models/03_supervised_learning/01_regression/09_sgd
10_random_forest_regressor, 02_modeling/04_models/03_supervised_learning/01_regression, https://github.com/ryndovaira-org/data_science_notes/tree/main/02_modeling/04_models/03_supervised_learning/01_regression/10_random_forest_regressor
11_xgboost_regressor, 02_modeling/04_models/03_supervised_learning/01_regression, https://github.com/ryndovaira-org/data_science_notes/tree/main/02_modeling/04_models/03_supervised_learning/01_regression/11_xgboost_regressor
12_lgbm_regressor, 02_modeling/04_models/03_supervised_learning/01_regression, https://github.com/ryndovaira-org/data_science_notes/tree/main/02_modeling/04_models/03_supervised_learning/01_regression/12_lgbm_regressor
13_catboost_regressor, 02_modeling/04_models/03_supervised_learning/01_regression, https://github.com/ryndovaira-org/data_science_notes/tree/main/02_modeling/04_models/03_supervised_learning/01_regression/13_catboost_regressor
14_rf_xgb_lgbm, 02_modeling/04_models/03_supervised_learning/01_regression, https://github.com/ryndovaira-org/data_science_notes/tree/main/02_modeling/04_models/03_supervised_learning/01_regression/14_rf_xgb_lgbm
15_svm_regressor, 02_modeling/04_models/03_supervised_learning/01_regression, https://github.com/ryndovaira-org/data_science_notes/tree/main/02_modeling/04_models/03_supervised_learning/01_regression/15_svm_regressor
16_decision_tree_regressor, 02_modeling/04_models/03_supervised_learning/01_regression, https://github.com/ryndovaira-org/data_science_notes/tree/main/02_modeling/04_models/03_supervised_learning/01_regression/16_decision_tree_regressor
17_knns_regressor, 02_modeling/04_models/03_supervised_learning/01_regression, https://github.com/ryndovaira-org/data_science_notes/tree/main/02_modeling/04_models/03_supervised_learning/01_regression/17_knns_regressor
house_data_exploration, 02_modeling/04_models/03_supervised_learning/01_regression/examples, https://github.com/ryndovaira-org/data_science_notes/tree/main/02_modeling/04_models/03_supervised_learning/01_regression/examples/house_data_exploration
house_modeling, 02_modeling/04_models/03_supervised_learning/01_regression/examples, https://github.com/ryndovaira-org/data_science_notes/tree/main/02_modeling/04_models/03_supervised_learning/01_regression/examples/house_modeling
housing_prices_competition, 02_modeling/04_models/03_supervised_learning/01_regression/examples, https://github.com/ryndovaira-org/data_science_notes/tree/main/02_modeling/04_models/03_supervised_learning/01_regression/examples/housing_prices_competition
hpc_v2, 02_modeling/04_models/03_supervised_learning/01_regression/examples, https://github.com/ryndovaira-org/data_science_notes/tree/main/02_modeling/04_models/03_supervised_learning/01_regression/examples/hpc_v2
01_overview, 02_modeling/04_models/03_supervised_learning/02_time_series, https://github.com/ryndovaira-org/data_science_notes/tree/main/02_modeling/04_models/03_supervised_learning/02_time_series/01_overview
01_info, 02_modeling/04_models/03_supervised_learning/03_classification, https://github.com/ryndovaira-org/data_science_notes/tree/main/02_modeling/04_models/03_supervised_learning/03_classification/01_info
02_evaluation, 02_modeling/04_models/03_supervised_learning/03_classification, https://github.com/ryndovaira-org/data_science_notes/tree/main/02_modeling/04_models/03_supervised_learning/03_classification/02_evaluation
03_knns_classifier, 02_modeling/04_models/03_supervised_learning/03_classification, https://github.com/ryndovaira-org/data_science_notes/tree/main/02_modeling/04_models/03_supervised_learning/03_classification/03_knns_classifier
04_logistic_regression, 02_modeling/04_models/03_supervised_learning/03_classification, https://github.com/ryndovaira-org/data_science_notes/tree/main/02_modeling/04_models/03_supervised_learning/03_classification/04_logistic_regression
05_svm_classifier, 02_modeling/04_models/03_supervised_learning/03_classification, https://github.com/ryndovaira-org/data_science_notes/tree/main/02_modeling/04_models/03_supervised_learning/03_classification/05_svm_classifier
06_decision_tree_classifier, 02_modeling/04_models/03_supervised_learning/03_classification, https://github.com/ryndovaira-org/data_science_notes/tree/main/02_modeling/04_models/03_supervised_learning/03_classification/06_decision_tree_classifier
07_example_pipeline, 02_modeling/04_models/03_supervised_learning/03_classification, https://github.com/ryndovaira-org/data_science_notes/tree/main/02_modeling/04_models/03_supervised_learning/03_classification/07_example_pipeline
08_hw_example_pipeline, 02_modeling/04_models/03_supervised_learning/03_classification, https://github.com/ryndovaira-org/data_science_notes/tree/main/02_modeling/04_models/03_supervised_learning/03_classification/08_hw_example_pipeline
09_rf_classifier, 02_modeling/04_models/03_supervised_learning/03_classification, https://github.com/ryndovaira-org/data_science_notes/tree/main/02_modeling/04_models/03_supervised_learning/03_classification/09_rf_classifier
10_xgb_classifier, 02_modeling/04_models/03_supervised_learning/03_classification, https://github.com/ryndovaira-org/data_science_notes/tree/main/02_modeling/04_models/03_supervised_learning/03_classification/10_xgb_classifier
11_lgbm_classifier, 02_modeling/04_models/03_supervised_learning/03_classification, https://github.com/ryndovaira-org/data_science_notes/tree/main/02_modeling/04_models/03_supervised_learning/03_classification/11_lgbm_classifier
12_catboost_classifier, 02_modeling/04_models/03_supervised_learning/03_classification, https://github.com/ryndovaira-org/data_science_notes/tree/main/02_modeling/04_models/03_supervised_learning/03_classification/12_catboost_classifier
13_naive_bayes, 02_modeling/04_models/03_supervised_learning/03_classification, https://github.com/ryndovaira-org/data_science_notes/tree/main/02_modeling/04_models/03_supervised_learning/03_classification/13_naive_bayes
14_boosting_models, 02_modeling/04_models/03_supervised_learning/03_classification, https://github.com/ryndovaira-org/data_science_notes/tree/main/02_modeling/04_models/03_supervised_learning/03_classification/14_boosting_models
15_lda, 02_modeling/04_models/03_supervised_learning/03_classification, https://github.com/ryndovaira-org/data_science_notes/tree/main/02_modeling/04_models/03_supervised_learning/03_classification/15_lda
16_multilabel, 02_modeling/04_models/03_supervised_learning/03_classification, https://github.com/ryndovaira-org/data_science_notes/tree/main/02_modeling/04_models/03_supervised_learning/03_classification/16_multilabel
classification_heart_failure, 02_modeling/04_models/03_supervised_learning/03_classification/examples, https://github.com/ryndovaira-org/data_science_notes/tree/main/02_modeling/04_models/03_supervised_learning/03_classification/examples/classification_heart_failure
01_overview, 02_modeling/04_models/03_supervised_learning/04_anomaly_detection, https://github.com/ryndovaira-org/data_science_notes/tree/main/02_modeling/04_models/03_supervised_learning/04_anomaly_detection/01_overview
01_overview, 02_modeling/04_models/03_supervised_learning/04_feature_learning, https://github.com/ryndovaira-org/data_science_notes/tree/main/02_modeling/04_models/03_supervised_learning/04_feature_learning/01_overview
01_overview, 02_modeling/04_models/03_supervised_learning/06_ranking, https://github.com/ryndovaira-org/data_science_notes/tree/main/02_modeling/04_models/03_supervised_learning/06_ranking/01_overview
01_info, 02_modeling/04_models/04_unsupervised_learning/01_demensionality_reduction, https://github.com/ryndovaira-org/data_science_notes/tree/main/02_modeling/04_models/04_unsupervised_learning/01_demensionality_reduction/01_info
02_pca_tsne_umap, 02_modeling/04_models/04_unsupervised_learning/01_demensionality_reduction, https://github.com/ryndovaira-org/data_science_notes/tree/main/02_modeling/04_models/04_unsupervised_learning/01_demensionality_reduction/02_pca_tsne_umap
01_info, 02_modeling/04_models/04_unsupervised_learning/02_clustering, https://github.com/ryndovaira-org/data_science_notes/tree/main/02_modeling/04_models/04_unsupervised_learning/02_clustering/01_info
02_evaluation, 02_modeling/04_models/04_unsupervised_learning/02_clustering, https://github.com/ryndovaira-org/data_science_notes/tree/main/02_modeling/04_models/04_unsupervised_learning/02_clustering/02_evaluation
03_kmeans, 02_modeling/04_models/04_unsupervised_learning/02_clustering, https://github.com/ryndovaira-org/data_science_notes/tree/main/02_modeling/04_models/04_unsupervised_learning/02_clustering/03_kmeans
04_DBSCN, 02_modeling/04_models/04_unsupervised_learning/02_clustering, https://github.com/ryndovaira-org/data_science_notes/tree/main/02_modeling/04_models/04_unsupervised_learning/02_clustering/04_DBSCN
05_HDBSCN, 02_modeling/04_models/04_unsupervised_learning/02_clustering, https://github.com/ryndovaira-org/data_science_notes/tree/main/02_modeling/04_models/04_unsupervised_learning/02_clustering/05_HDBSCN
06_hierarchical, 02_modeling/04_models/04_unsupervised_learning/02_clustering, https://github.com/ryndovaira-org/data_science_notes/tree/main/02_modeling/04_models/04_unsupervised_learning/02_clustering/06_hierarchical
01_overview, 02_modeling/04_models/04_unsupervised_learning/03_anomaly_detection, https://github.com/ryndovaira-org/data_science_notes/tree/main/02_modeling/04_models/04_unsupervised_learning/03_anomaly_detection/01_overview
01_overview, 02_modeling/04_models/04_unsupervised_learning/04_feature_learning, https://github.com/ryndovaira-org/data_science_notes/tree/main/02_modeling/04_models/04_unsupervised_learning/04_feature_learning/01_overview
01_overview, 02_modeling/04_models/05_semi_supervised_learning/01_anomaly_detection, https://github.com/ryndovaira-org/data_science_notes/tree/main/02_modeling/04_models/05_semi_supervised_learning/01_anomaly_detection/01_overview
01_overview, 02_modeling/04_models/05_semi_supervised_learning/02_ranking, https://github.com/ryndovaira-org/data_science_notes/tree/main/02_modeling/04_models/05_semi_supervised_learning/02_ranking/01_overview
01_overview, 02_modeling/04_models/06_self_supervised_learning, https://github.com/ryndovaira-org/data_science_notes/tree/main/02_modeling/04_models/06_self_supervised_learning/01_overview
01_overview, 02_modeling/04_models/07_reinforcement_learning/01_ranking, https://github.com/ryndovaira-org/data_science_notes/tree/main/02_modeling/04_models/07_reinforcement_learning/01_ranking/01_overview
01_overview, 02_modeling/04_models/08_rule_based_learning, https://github.com/ryndovaira-org/data_science_notes/tree/main/02_modeling/04_models/08_rule_based_learning/01_overview
01_overview, 02_modeling/04_models/09_online_learning, https://github.com/ryndovaira-org/data_science_notes/tree/main/02_modeling/04_models/09_online_learning/01_overview
01_overview, 02_modeling/04_models/10_batch_learning, https://github.com/ryndovaira-org/data_science_notes/tree/main/02_modeling/04_models/10_batch_learning/01_overview
01_overview, 02_modeling/04_models/11_meta_learning, https://github.com/ryndovaira-org/data_science_notes/tree/main/02_modeling/04_models/11_meta_learning/01_overview
01_computer_vision, 02_modeling/04_models/_computer_vision, https://github.com/ryndovaira-org/data_science_notes/tree/main/02_modeling/04_models/_computer_vision/01_computer_vision
2_simple_model, 02_modeling/04_models/_computer_vision, https://github.com/ryndovaira-org/data_science_notes/tree/main/02_modeling/04_models/_computer_vision/2_simple_model
01_auto_ml, 02_modeling/05_automl, https://github.com/ryndovaira-org/data_science_notes/tree/main/02_modeling/05_automl/01_auto_ml
00_roadmap, 03_deployment/00_roadmap, https://github.com/ryndovaira-org/data_science_notes/tree/main/03_deployment/00_roadmap/00_roadmap
01_os_comparison, 03_deployment/01_operating_system/01_general, https://github.com/ryndovaira-org/data_science_notes/tree/main/03_deployment/01_operating_system/01_general/01_os_comparison
02_distributed_os, 03_deployment/01_operating_system/01_general, https://github.com/ryndovaira-org/data_science_notes/tree/main/03_deployment/01_operating_system/01_general/02_distributed_os
03_mobile_os, 03_deployment/01_operating_system/01_general, https://github.com/ryndovaira-org/data_science_notes/tree/main/03_deployment/01_operating_system/01_general/03_mobile_os
04_disk_os, 03_deployment/01_operating_system/01_general, https://github.com/ryndovaira-org/data_science_notes/tree/main/03_deployment/01_operating_system/01_general/04_disk_os
05_network_os, 03_deployment/01_operating_system/01_general, https://github.com/ryndovaira-org/data_science_notes/tree/main/03_deployment/01_operating_system/01_general/05_network_os
06_real_time_os, 03_deployment/01_operating_system/01_general, https://github.com/ryndovaira-org/data_science_notes/tree/main/03_deployment/01_operating_system/01_general/06_real_time_os
07_embedded_os, 03_deployment/01_operating_system/01_general, https://github.com/ryndovaira-org/data_science_notes/tree/main/03_deployment/01_operating_system/01_general/07_embedded_os
08_linux, 03_deployment/01_operating_system/01_general, https://github.com/ryndovaira-org/data_science_notes/tree/main/03_deployment/01_operating_system/01_general/08_linux
01_architectures, 03_deployment/01_operating_system/02_kernel, https://github.com/ryndovaira-org/data_science_notes/tree/main/03_deployment/01_operating_system/02_kernel/01_architectures
02_components, 03_deployment/01_operating_system/02_kernel, https://github.com/ryndovaira-org/data_science_notes/tree/main/03_deployment/01_operating_system/02_kernel/02_components
01_concepts, 03_deployment/01_operating_system/03_process_management, https://github.com/ryndovaira-org/data_science_notes/tree/main/03_deployment/01_operating_system/03_process_management/01_concepts
02_scheduling, 03_deployment/01_operating_system/03_process_management, https://github.com/ryndovaira-org/data_science_notes/tree/main/03_deployment/01_operating_system/03_process_management/02_scheduling
01_overview, 03_deployment/01_operating_system/04_memory_management, https://github.com/ryndovaira-org/data_science_notes/tree/main/03_deployment/01_operating_system/04_memory_management/01_overview
02_manual, 03_deployment/01_operating_system/04_memory_management, https://github.com/ryndovaira-org/data_science_notes/tree/main/03_deployment/01_operating_system/04_memory_management/02_manual
03_automatic, 03_deployment/01_operating_system/04_memory_management, https://github.com/ryndovaira-org/data_science_notes/tree/main/03_deployment/01_operating_system/04_memory_management/03_automatic
04_issues, 03_deployment/01_operating_system/04_memory_management, https://github.com/ryndovaira-org/data_science_notes/tree/main/03_deployment/01_operating_system/04_memory_management/04_issues
01_overview, 03_deployment/01_operating_system/05_file_systems, https://github.com/ryndovaira-org/data_science_notes/tree/main/03_deployment/01_operating_system/05_file_systems/01_overview
02_aspects, 03_deployment/01_operating_system/05_file_systems, https://github.com/ryndovaira-org/data_science_notes/tree/main/03_deployment/01_operating_system/05_file_systems/02_aspects
03_types, 03_deployment/01_operating_system/05_file_systems, https://github.com/ryndovaira-org/data_science_notes/tree/main/03_deployment/01_operating_system/05_file_systems/03_types
04_fs_os, 03_deployment/01_operating_system/05_file_systems, https://github.com/ryndovaira-org/data_science_notes/tree/main/03_deployment/01_operating_system/05_file_systems/04_fs_os
05_limitations, 03_deployment/01_operating_system/05_file_systems, https://github.com/ryndovaira-org/data_science_notes/tree/main/03_deployment/01_operating_system/05_file_systems/05_limitations
01_bash, 03_deployment/01_operating_system/06_shell, https://github.com/ryndovaira-org/data_science_notes/tree/main/03_deployment/01_operating_system/06_shell/01_bash
02_windows_cli, 03_deployment/01_operating_system/06_shell, https://github.com/ryndovaira-org/data_science_notes/tree/main/03_deployment/01_operating_system/06_shell/02_windows_cli
03_power_shell, 03_deployment/01_operating_system/06_shell, https://github.com/ryndovaira-org/data_science_notes/tree/main/03_deployment/01_operating_system/06_shell/03_power_shell
01_encryption, 03_deployment/01_operating_system/07_security, https://github.com/ryndovaira-org/data_science_notes/tree/main/03_deployment/01_operating_system/07_security/01_encryption
01_terminology, 03_deployment/01_operating_system/07_security, https://github.com/ryndovaira-org/data_science_notes/tree/main/03_deployment/01_operating_system/07_security/01_terminology
01_vulnerabilities, 03_deployment/01_operating_system/07_security, https://github.com/ryndovaira-org/data_science_notes/tree/main/03_deployment/01_operating_system/07_security/01_vulnerabilities
02_clouds, 03_deployment/01_operating_system/07_security, https://github.com/ryndovaira-org/data_science_notes/tree/main/03_deployment/01_operating_system/07_security/02_clouds
02_protections, 03_deployment/01_operating_system/07_security, https://github.com/ryndovaira-org/data_science_notes/tree/main/03_deployment/01_operating_system/07_security/02_protections
03_authorization_authentication, 03_deployment/01_operating_system/07_security, https://github.com/ryndovaira-org/data_science_notes/tree/main/03_deployment/01_operating_system/07_security/03_authorization_authentication
01_topology, 03_deployment/01_operating_system/08_web, https://github.com/ryndovaira-org/data_science_notes/tree/main/03_deployment/01_operating_system/08_web/01_topology
02_communication_protocols, 03_deployment/01_operating_system/08_web, https://github.com/ryndovaira-org/data_science_notes/tree/main/03_deployment/01_operating_system/08_web/02_communication_protocols
03_web_standards, 03_deployment/01_operating_system/08_web, https://github.com/ryndovaira-org/data_science_notes/tree/main/03_deployment/01_operating_system/08_web/03_web_standards
04_performance, 03_deployment/01_operating_system/08_web, https://github.com/ryndovaira-org/data_science_notes/tree/main/03_deployment/01_operating_system/08_web/04_performance
04_security, 03_deployment/01_operating_system/08_web, https://github.com/ryndovaira-org/data_science_notes/tree/main/03_deployment/01_operating_system/08_web/04_security
05_tcpip, 03_deployment/01_operating_system/08_web, https://github.com/ryndovaira-org/data_science_notes/tree/main/03_deployment/01_operating_system/08_web/05_tcpip
06_osi, 03_deployment/01_operating_system/08_web, https://github.com/ryndovaira-org/data_science_notes/tree/main/03_deployment/01_operating_system/08_web/06_osi
07_tcpip_vs_osi, 03_deployment/01_operating_system/08_web, https://github.com/ryndovaira-org/data_science_notes/tree/main/03_deployment/01_operating_system/08_web/07_tcpip_vs_osi
08_html_css_xml_dom, 03_deployment/01_operating_system/08_web, https://github.com/ryndovaira-org/data_science_notes/tree/main/03_deployment/01_operating_system/08_web/08_html_css_xml_dom
01_usage, 03_deployment/01_operating_system/09_api, https://github.com/ryndovaira-org/data_science_notes/tree/main/03_deployment/01_operating_system/09_api/01_usage
02_release_policies, 03_deployment/01_operating_system/09_api, https://github.com/ryndovaira-org/data_science_notes/tree/main/03_deployment/01_operating_system/09_api/02_release_policies
03_rest, 03_deployment/01_operating_system/09_api, https://github.com/ryndovaira-org/data_science_notes/tree/main/03_deployment/01_operating_system/09_api/03_rest
01_containerization_vs_virtualization, 03_deployment/01_operating_system/10_containers, https://github.com/ryndovaira-org/data_science_notes/tree/main/03_deployment/01_operating_system/10_containers/01_containerization_vs_virtualization
02_docker, 03_deployment/01_operating_system/10_containers, https://github.com/ryndovaira-org/data_science_notes/tree/main/03_deployment/01_operating_system/10_containers/02_docker
03_singularity, 03_deployment/01_operating_system/10_containers, https://github.com/ryndovaira-org/data_science_notes/tree/main/03_deployment/01_operating_system/10_containers/03_singularity
01_orchestration, 03_deployment/01_operating_system/11_orchestration, https://github.com/ryndovaira-org/data_science_notes/tree/main/03_deployment/01_operating_system/11_orchestration/01_orchestration
02_kubernetes, 03_deployment/01_operating_system/11_orchestration, https://github.com/ryndovaira-org/data_science_notes/tree/main/03_deployment/01_operating_system/11_orchestration/02_kubernetes
03_openshift, 03_deployment/01_operating_system/11_orchestration, https://github.com/ryndovaira-org/data_science_notes/tree/main/03_deployment/01_operating_system/11_orchestration/03_openshift
04_amazon_ecs, 03_deployment/01_operating_system/11_orchestration, https://github.com/ryndovaira-org/data_science_notes/tree/main/03_deployment/01_operating_system/11_orchestration/04_amazon_ecs
05_ansible, 03_deployment/01_operating_system/11_orchestration, https://github.com/ryndovaira-org/data_science_notes/tree/main/03_deployment/01_operating_system/11_orchestration/05_ansible
01_terminology, 03_deployment/02_software_engineering/01_version control, https://github.com/ryndovaira-org/data_science_notes/tree/main/03_deployment/02_software_engineering/01_version control/01_terminology
02_git, 03_deployment/02_software_engineering/01_version control, https://github.com/ryndovaira-org/data_science_notes/tree/main/03_deployment/02_software_engineering/01_version control/02_git
01_collections, 03_deployment/02_software_engineering/02_python_advanced, https://github.com/ryndovaira-org/data_science_notes/tree/main/03_deployment/02_software_engineering/02_python_advanced/01_collections
02_oop, 03_deployment/02_software_engineering/02_python_advanced, https://github.com/ryndovaira-org/data_science_notes/tree/main/03_deployment/02_software_engineering/02_python_advanced/02_oop
03_abc_meta, 03_deployment/02_software_engineering/02_python_advanced, https://github.com/ryndovaira-org/data_science_notes/tree/main/03_deployment/02_software_engineering/02_python_advanced/03_abc_meta
03_regex, 03_deployment/02_software_engineering/02_python_advanced, https://github.com/ryndovaira-org/data_science_notes/tree/main/03_deployment/02_software_engineering/02_python_advanced/03_regex
04_concurrent_computing, 03_deployment/02_software_engineering/02_python_advanced, https://github.com/ryndovaira-org/data_science_notes/tree/main/03_deployment/02_software_engineering/02_python_advanced/04_concurrent_computing
05_threading, 03_deployment/02_software_engineering/02_python_advanced, https://github.com/ryndovaira-org/data_science_notes/tree/main/03_deployment/02_software_engineering/02_python_advanced/05_threading
06_multiprocessing, 03_deployment/02_software_engineering/02_python_advanced, https://github.com/ryndovaira-org/data_science_notes/tree/main/03_deployment/02_software_engineering/02_python_advanced/06_multiprocessing
07_asyncio, 03_deployment/02_software_engineering/02_python_advanced, https://github.com/ryndovaira-org/data_science_notes/tree/main/03_deployment/02_software_engineering/02_python_advanced/07_asyncio
08_flask, 03_deployment/02_software_engineering/02_python_advanced, https://github.com/ryndovaira-org/data_science_notes/tree/main/03_deployment/02_software_engineering/02_python_advanced/08_flask
00_c++, 03_deployment/02_software_engineering/03_c++_basic, https://github.com/ryndovaira-org/data_science_notes/tree/main/03_deployment/02_software_engineering/03_c++_basic/00_c++
01_basic_syntax, 03_deployment/02_software_engineering/03_c++_basic, https://github.com/ryndovaira-org/data_science_notes/tree/main/03_deployment/02_software_engineering/03_c++_basic/01_basic_syntax
03_oop, 03_deployment/02_software_engineering/03_c++_basic, https://github.com/ryndovaira-org/data_science_notes/tree/main/03_deployment/02_software_engineering/03_c++_basic/03_oop
01_test_types, 03_deployment/02_software_engineering/04_tests, https://github.com/ryndovaira-org/data_science_notes/tree/main/03_deployment/02_software_engineering/04_tests/01_test_types
13_pytest, 03_deployment/02_software_engineering/04_tests, https://github.com/ryndovaira-org/data_science_notes/tree/main/03_deployment/02_software_engineering/04_tests/13_pytest
01_uml, 03_deployment/02_software_engineering/05_design_patterns, https://github.com/ryndovaira-org/data_science_notes/tree/main/03_deployment/02_software_engineering/05_design_patterns/01_uml
02_design_patterns, 03_deployment/02_software_engineering/05_design_patterns, https://github.com/ryndovaira-org/data_science_notes/tree/main/03_deployment/02_software_engineering/05_design_patterns/02_design_patterns
03_creational, 03_deployment/02_software_engineering/05_design_patterns, https://github.com/ryndovaira-org/data_science_notes/tree/main/03_deployment/02_software_engineering/05_design_patterns/03_creational
04_structural, 03_deployment/02_software_engineering/05_design_patterns, https://github.com/ryndovaira-org/data_science_notes/tree/main/03_deployment/02_software_engineering/05_design_patterns/04_structural
05_behavioral, 03_deployment/02_software_engineering/05_design_patterns, https://github.com/ryndovaira-org/data_science_notes/tree/main/03_deployment/02_software_engineering/05_design_patterns/05_behavioral
06_concurrency, 03_deployment/02_software_engineering/05_design_patterns, https://github.com/ryndovaira-org/data_science_notes/tree/main/03_deployment/02_software_engineering/05_design_patterns/06_concurrency
07_distributed, 03_deployment/02_software_engineering/05_design_patterns, https://github.com/ryndovaira-org/data_science_notes/tree/main/03_deployment/02_software_engineering/05_design_patterns/07_distributed
08_debugging, 03_deployment/02_software_engineering/05_design_patterns, https://github.com/ryndovaira-org/data_science_notes/tree/main/03_deployment/02_software_engineering/05_design_patterns/08_debugging
09_other, 03_deployment/02_software_engineering/05_design_patterns, https://github.com/ryndovaira-org/data_science_notes/tree/main/03_deployment/02_software_engineering/05_design_patterns/09_other
10_anti-patterns, 03_deployment/02_software_engineering/05_design_patterns, https://github.com/ryndovaira-org/data_science_notes/tree/main/03_deployment/02_software_engineering/05_design_patterns/10_anti-patterns
01_software_architecture, 03_deployment/02_software_engineering/06_architecture, https://github.com/ryndovaira-org/data_science_notes/tree/main/03_deployment/02_software_engineering/06_architecture/01_software_architecture
02_architectural_patterns, 03_deployment/02_software_engineering/06_architecture, https://github.com/ryndovaira-org/data_science_notes/tree/main/03_deployment/02_software_engineering/06_architecture/02_architectural_patterns
01_code_quality, 03_deployment/02_software_engineering/07_code_quality, https://github.com/ryndovaira-org/data_science_notes/tree/main/03_deployment/02_software_engineering/07_code_quality/01_code_quality
02_programming_principles, 03_deployment/02_software_engineering/07_code_quality, https://github.com/ryndovaira-org/data_science_notes/tree/main/03_deployment/02_software_engineering/07_code_quality/02_programming_principles
03_design_smells, 03_deployment/02_software_engineering/07_code_quality, https://github.com/ryndovaira-org/data_science_notes/tree/main/03_deployment/02_software_engineering/07_code_quality/03_design_smells
03_refactoring, 03_deployment/02_software_engineering/07_code_quality, https://github.com/ryndovaira-org/data_science_notes/tree/main/03_deployment/02_software_engineering/07_code_quality/03_refactoring
04_technical_debt, 03_deployment/02_software_engineering/07_code_quality, https://github.com/ryndovaira-org/data_science_notes/tree/main/03_deployment/02_software_engineering/07_code_quality/04_technical_debt
05_code_review, 03_deployment/02_software_engineering/07_code_quality, https://github.com/ryndovaira-org/data_science_notes/tree/main/03_deployment/02_software_engineering/07_code_quality/05_code_review
01_analysis, 03_deployment/02_software_engineering/08_algorithms/01_complexity, https://github.com/ryndovaira-org/data_science_notes/tree/main/03_deployment/02_software_engineering/08_algorithms/01_complexity/01_analysis
02_structures, 03_deployment/02_software_engineering/08_algorithms/01_complexity, https://github.com/ryndovaira-org/data_science_notes/tree/main/03_deployment/02_software_engineering/08_algorithms/01_complexity/02_structures
03_classical_interview, 03_deployment/02_software_engineering/08_algorithms/01_complexity, https://github.com/ryndovaira-org/data_science_notes/tree/main/03_deployment/02_software_engineering/08_algorithms/01_complexity/03_classical_interview
01_classical, 03_deployment/02_software_engineering/08_algorithms/02_sorting, https://github.com/ryndovaira-org/data_science_notes/tree/main/03_deployment/02_software_engineering/08_algorithms/02_sorting/01_classical
02_classical_interview, 03_deployment/02_software_engineering/08_algorithms/02_sorting, https://github.com/ryndovaira-org/data_science_notes/tree/main/03_deployment/02_software_engineering/08_algorithms/02_sorting/02_classical_interview
01_classical, 03_deployment/02_software_engineering/08_algorithms/03_search, https://github.com/ryndovaira-org/data_science_notes/tree/main/03_deployment/02_software_engineering/08_algorithms/03_search/01_classical
02_classical_interview, 03_deployment/02_software_engineering/08_algorithms/03_search, https://github.com/ryndovaira-org/data_science_notes/tree/main/03_deployment/02_software_engineering/08_algorithms/03_search/02_classical_interview
01_classical, 03_deployment/02_software_engineering/08_algorithms/04_trees, https://github.com/ryndovaira-org/data_science_notes/tree/main/03_deployment/02_software_engineering/08_algorithms/04_trees/01_classical
02_classical_interview, 03_deployment/02_software_engineering/08_algorithms/04_trees, https://github.com/ryndovaira-org/data_science_notes/tree/main/03_deployment/02_software_engineering/08_algorithms/04_trees/02_classical_interview
01_classical, 03_deployment/02_software_engineering/08_algorithms/05_optimization, https://github.com/ryndovaira-org/data_science_notes/tree/main/03_deployment/02_software_engineering/08_algorithms/05_optimization/01_classical
02_classical_interview, 03_deployment/02_software_engineering/08_algorithms/05_optimization, https://github.com/ryndovaira-org/data_science_notes/tree/main/03_deployment/02_software_engineering/08_algorithms/05_optimization/02_classical_interview
01_classical, 03_deployment/02_software_engineering/08_algorithms/06_combinatorial, https://github.com/ryndovaira-org/data_science_notes/tree/main/03_deployment/02_software_engineering/08_algorithms/06_combinatorial/01_classical
02_classical_interview, 03_deployment/02_software_engineering/08_algorithms/06_combinatorial, https://github.com/ryndovaira-org/data_science_notes/tree/main/03_deployment/02_software_engineering/08_algorithms/06_combinatorial/02_classical_interview
01_useful_hotkeys, 03_deployment/02_software_engineering/05_pycharm, https://github.com/ryndovaira-org/data_science_notes/tree/main/03_deployment/02_software_engineering/09_pycharm/01_useful_hotkeys
02_tips, 03_deployment/02_software_engineering/05_pycharm, https://github.com/ryndovaira-org/data_science_notes/tree/main/03_deployment/02_software_engineering/09_pycharm/02_tips
01_aws, 03_deployment/03_as_a_service, https://github.com/ryndovaira-org/data_science_notes/tree/main/03_deployment/03_as_a_service/01_aws
02_gcp, 03_deployment/03_as_a_service, https://github.com/ryndovaira-org/data_science_notes/tree/main/03_deployment/03_as_a_service/02_gcp
03_azure, 03_deployment/03_as_a_service, https://github.com/ryndovaira-org/data_science_notes/tree/main/03_deployment/03_as_a_service/03_azure
04_databricks, 03_deployment/03_as_a_service, https://github.com/ryndovaira-org/data_science_notes/tree/main/03_deployment/03_as_a_service/04_databricks
01_inference, 03_deployment/04_mlops/01_experiments, https://github.com/ryndovaira-org/data_science_notes/tree/main/03_deployment/04_mlops/01_experiments/01_inference
02_monitoring, 03_deployment/04_mlops/01_experiments, https://github.com/ryndovaira-org/data_science_notes/tree/main/03_deployment/04_mlops/01_experiments/02_monitoring
03_scaling, 03_deployment/04_mlops/01_experiments, https://github.com/ryndovaira-org/data_science_notes/tree/main/03_deployment/04_mlops/01_experiments/03_scaling
04_performance, 03_deployment/04_mlops/01_experiments, https://github.com/ryndovaira-org/data_science_notes/tree/main/03_deployment/04_mlops/01_experiments/04_performance
01_resource_constrained_devices, 03_deployment/04_mlops/02_improvements/_accelerating_training, https://github.com/ryndovaira-org/data_science_notes/tree/main/03_deployment/04_mlops/02_improvements/_accelerating_training/01_resource_constrained_devices
02_destributed_learning, 03_deployment/04_mlops/02_improvements/_accelerating_training, https://github.com/ryndovaira-org/data_science_notes/tree/main/03_deployment/04_mlops/02_improvements/_accelerating_training/02_destributed_learning
03_gpu_cuda, 03_deployment/04_mlops/02_improvements/_accelerating_training, https://github.com/ryndovaira-org/data_science_notes/tree/main/03_deployment/04_mlops/02_improvements/_accelerating_training/03_gpu_cuda
01_hydra, 03_deployment/04_mlops/03_tools, https://github.com/ryndovaira-org/data_science_notes/tree/main/03_deployment/04_mlops/03_tools/01_hydra
02_kedro, 03_deployment/04_mlops/03_tools, https://github.com/ryndovaira-org/data_science_notes/tree/main/03_deployment/04_mlops/03_tools/02_kedro
03_mlflow, 03_deployment/04_mlops/03_tools, https://github.com/ryndovaira-org/data_science_notes/tree/main/03_deployment/04_mlops/03_tools/03_mlflow
04_domino, 03_deployment/04_mlops/03_tools, https://github.com/ryndovaira-org/data_science_notes/tree/main/03_deployment/04_mlops/03_tools/04_domino
05_dags_hub, 03_deployment/04_mlops/03_tools, https://github.com/ryndovaira-org/data_science_notes/tree/main/03_deployment/04_mlops/03_tools/05_dags_hub
06_aws_sagemaker, 03_deployment/04_mlops/03_tools, https://github.com/ryndovaira-org/data_science_notes/tree/main/03_deployment/04_mlops/03_tools/06_aws_sagemaker
00_roadmap, 04_business_analysis/00_roadmap, https://github.com/ryndovaira-org/data_science_notes/tree/main/04_business_analysis/00_roadmap/00_roadmap
01_plotly, 04_business_analysis/01_data_visualization, https://github.com/ryndovaira-org/data_science_notes/tree/main/04_business_analysis/01_data_visualization/01_plotly
02_tableau, 04_business_analysis/01_data_visualization, https://github.com/ryndovaira-org/data_science_notes/tree/main/04_business_analysis/01_data_visualization/02_tableau
03_dask, 04_business_analysis/01_data_visualization, https://github.com/ryndovaira-org/data_science_notes/tree/main/04_business_analysis/01_data_visualization/03_dask
04_bokeh, 04_business_analysis/01_data_visualization, https://github.com/ryndovaira-org/data_science_notes/tree/main/04_business_analysis/01_data_visualization/04_bokeh
05_fiftyone, 04_business_analysis/01_data_visualization, https://github.com/ryndovaira-org/data_science_notes/tree/main/04_business_analysis/01_data_visualization/05_fiftyone
06_folium, 04_business_analysis/01_data_visualization, https://github.com/ryndovaira-org/data_science_notes/tree/main/04_business_analysis/01_data_visualization/06_folium
07_holoviews, 04_business_analysis/01_data_visualization, https://github.com/ryndovaira-org/data_science_notes/tree/main/04_business_analysis/01_data_visualization/07_holoviews
08_ggplot, 04_business_analysis/01_data_visualization, https://github.com/ryndovaira-org/data_science_notes/tree/main/04_business_analysis/01_data_visualization/08_ggplot
09_pdp_ice_plot, 04_business_analysis/01_data_visualization, https://github.com/ryndovaira-org/data_science_notes/tree/main/04_business_analysis/01_data_visualization/09_pdp_ice_plot
10_altair, 04_business_analysis/01_data_visualization, https://github.com/ryndovaira-org/data_science_notes/tree/main/04_business_analysis/01_data_visualization/10_altair
01_templates, 04_business_analysis/02_presentations, https://github.com/ryndovaira-org/data_science_notes/tree/main/04_business_analysis/02_presentations/01_templates
02_tools, 04_business_analysis/02_presentations, https://github.com/ryndovaira-org/data_science_notes/tree/main/04_business_analysis/02_presentations/02_tools
01_collecting_requirements_techniques, 04_business_analysis/03_requirements_elicitation_analysis, https://github.com/ryndovaira-org/data_science_notes/tree/main/04_business_analysis/03_requirements_elicitation_analysis/01_collecting_requirements_techniques
02_requirements_analysis, 04_business_analysis/03_requirements_elicitation_analysis, https://github.com/ryndovaira-org/data_science_notes/tree/main/04_business_analysis/03_requirements_elicitation_analysis/02_requirements_analysis
03_facilitating_business_change_techniques, 04_business_analysis/03_requirements_elicitation_analysis, https://github.com/ryndovaira-org/data_science_notes/tree/main/04_business_analysis/03_requirements_elicitation_analysis/03_facilitating_business_change_techniques
00_roadmap, 05_interview/00_roadmap, https://github.com/ryndovaira-org/data_science_notes/tree/main/05_interview/00_roadmap/00_roadmap
01_advise, 05_interview/01_behavioral, https://github.com/ryndovaira-org/data_science_notes/tree/main/05_interview/01_behavioral/01_advise
02_classical, 05_interview/01_behavioral, https://github.com/ryndovaira-org/data_science_notes/tree/main/05_interview/01_behavioral/02_classical
01_ds_case_study, 05_interview/02_technical, https://github.com/ryndovaira-org/data_science_notes/tree/main/05_interview/02_technical/01_ds_case_study
02_dl_algorithms, 05_interview/02_technical, https://github.com/ryndovaira-org/data_science_notes/tree/main/05_interview/02_technical/02_dl_algorithms
03_dl_case_study, 05_interview/02_technical, https://github.com/ryndovaira-org/data_science_notes/tree/main/05_interview/02_technical/03_dl_case_study
04_ml_algorithms, 05_interview/02_technical, https://github.com/ryndovaira-org/data_science_notes/tree/main/05_interview/02_technical/04_ml_algorithms
05_ml_case_study, 05_interview/02_technical, https://github.com/ryndovaira-org/data_science_notes/tree/main/05_interview/02_technical/05_ml_case_study
06_dl, 05_interview/02_technical, https://github.com/ryndovaira-org/data_science_notes/tree/main/05_interview/02_technical/06_dl
07_ml, 05_interview/02_technical, https://github.com/ryndovaira-org/data_science_notes/tree/main/05_interview/02_technical/07_ml
08_maths, 05_interview/02_technical, https://github.com/ryndovaira-org/data_science_notes/tree/main/05_interview/02_technical/08_maths
09_software_endineering, 05_interview/02_technical, https://github.com/ryndovaira-org/data_science_notes/tree/main/05_interview/02_technical/09_software_endineering
